name_zh,name,year,produce_area,type,language,language_print,update,score,video_size,file_size,time,director,down_url
我仍然相信/依然相信(台)/信念依存 ,I Still Believe ,2020 ,美国 ,剧情/爱情/音乐 ,英语 ,中英双字幕 ,2020-03-13(美国) ,6.0/10 from 164 users ,1920 x 1080 ,2 GB ,115分钟 ,安德鲁·欧文 Andrew Erwin ,ftp://ygdy8:ygdy8@yg90.dydytt.net:6015/阳光电影www.ygdy8.com.我仍然相信.BD.1080p.中英双字幕.mkv
阿肯色 ,Arkansas ,2020 ,美国 ,惊悚 / 犯罪 ,英语 ,中英双字幕 ,2020-05-01(美国) ,6.0/10 from 164 users ,1920 x 1080 ,2 GB ,115分钟 ,克拉克·杜克 Clark Duke ,ftp://ygdy8:ygdy8@yg18.dydytt.net:8018/阳光电影www.ygdy8.com.阿肯色.BD.1080p.中英双字幕.mkv
伦敦生活/伦敦生活剧场版 ,National Theatre Live: Fleabag ,2019 ,英国 ,喜剧 ,英语 ,中英双字幕 ,2019-09-12(英国) ,"9.0/10 from 2,538 users ",1920 x 1080 , GB ,107分钟 ,维姬·琼斯 Vicky Jones / Tony Grech-Smith ,ftp://ygdy8:ygdy8@yg18.dydytt.net:7019/阳光电影www.ygdy8.com.伦敦生活剧场版.BD.1080p.中英双字幕.mkv
我们召唤黑暗 ,We Summon the Darkness ,2019 ,美国 ,惊悚/恐怖 ,英语 ,中英双字幕 ,2019-12-13(美国) ,4.3/10 from 138 users ,1920 x 1080 , GB ,83分钟 ,马克·迈尔斯 Marc Meyers ,ftp://ygdy8:ygdy8@yg39.dydytt.net:6020/阳光电影www.ygdy8.com.我们召唤黑暗.BD.1080p.中英双字幕.mkv
惊天营救/极限营救/达卡 ,Extraction/Dhaka/Out of the Fire ,2020 ,美国 ,剧情/动作 ,英语 ,中英双字幕 ,2020-04-24(美国) ,"7.1/10 from 3,293 users ",1920 x 1080 ,1.94 GB ,117分钟 ,山姆·哈格雷夫 Sam Hargrave ,ftp://ygdy8:ygdy8@yg39.dydytt.net:4028/阳光电影www.ygdy8.com.惊天营救.BD.1080p.中英双字幕.mkv
狩猎的时间/狩猎时间 ,Hunting Time/Sanyangeui sigan/The Night of the Hunter/Time to Hunt ,2020 ,韩国 ,悬疑 / 惊悚 / 犯罪 ,韩语 ,中文 ,2020-02-22(柏林电影节) / 2020-04-23(韩国) ,6.0/10 from 916 users ,1920 x 1080 ,2.33 GB ,134分钟 ,尹成贤 Sung-Hyun Yoon ,ftp://ygdy8:ygdy8@yg90.dydytt.net:8067/阳光电影www.ygdy8.com.狩猎的时间.BD.1080p.韩语中字.mkv
7号房的礼物(土耳其版) ,7. Kogustaki Mucize/7. Kogustaki Mucize/Miracle in Cell No.7/Yedinci Kogustaki Mucize ,2019 ,土耳其 ,剧情 ,土耳其语 ,中英双字幕 ,2019-10-11(土耳其) ,"8.2/10 from 4,390 users ",1920 x 1080 , GB ,132分钟 ,Mehmet Ada Öztekin ,ftp://ygdy8:ygdy8@yg18.dydytt.net:7018/阳光电影www.ygdy8.com.7号房的礼物.BD.1080p.中英双字幕.mkv
格蕾特和韩塞尔/战栗糖果屋(台)/糖果屋/韩赛尔与格蕾特 ,Gretel & Hansel/Gretel and Hansel ,2020 ,"加拿大,爱尔兰,美国,南非 ",惊悚 / 恐怖 / 奇幻 ,英语 ,中英双字幕 ,2020-01-31(美国) ,5.2/10 from 688 users ,1920 x 1080 , GB ,87分钟 ,奥兹·珀金斯 Oz Perkins ,ftp://ygdy8:ygdy8@yg18.dydytt.net:8017/阳光电影www.ygdy8.com.格蕾特和韩塞尔.BD.1080p.中英双字幕.mkv
看不见的女/失散两生花(港)/她们的隐藏人生(台)/爱在姊妹失散时(澳)/隐形的女人 ,A vida invisível de Eurídice Gusmão人/Invisible Life/The Invisible Life of Euridice Gusmão/Vida Invisivel ,2019 ,巴西 ,剧情 ,葡萄牙语 ,中英双字幕 ,2019-05-20(戛纳电影节) ,"7.9/10 from 1,733 users ",1920 x 1080 ,2.27 GB ,145分钟 ,卡里姆·埃诺兹 Karim Ainouz ,ftp://ygdy8:ygdy8@yg18.dydytt.net:3028/阳光电影www.ygdy8.com.看不见的女人.BD.1080p.中英双字幕.mkv
A Brighter Summer Day ,牯岭街少年杀人事件 ,1991 ,中国台湾 ,剧情 / 犯罪 ,"汉语普通话,闽南语,上海话,粤语 ",中文 ,1991-07-27(中国台湾) ,"8.8/10 from 179,404 users ",1920 x 1040 ,3.94 GB ,237分钟(导演剪辑版) ,杨德昌 Edward Yang ,ftp://ygdy8:ygdy8@yg39.dydytt.net:3025/阳光电影www.ygdy8.com.牯岭街少年杀人事件.HD.1080p.国语中字.mkv
我们永不言弃/Knockout ,我們永不言棄 ,2020 ,中国香港 ,剧情 / 动作 ,普通话 ,中文 ,2020-04-20(中国大陆) ,"8.8/10 from 179,404 users ",1920 x 1080 ,2.63 GB ,237分钟(导演剪辑版) ,周显扬 Roy Chow Hin-Yeung ,ftp://ygdy8:ygdy8@yg90.dydytt.net:7067/阳光电影www.ygdy8.com.我们永不言弃.HD.1080p.国语中字.mkv
匹诺曹/木偶奇遇记 ,Pinocchio ,2019 ,"意大利,英国,法国 ",奇幻 ,意大利语 ,中英双字幕 ,2019-12-19(意大利) ,"6.8/10 from 2,205 users ",1920 x 1080 , GB ,124分钟 ,马提欧·加洛尼 Matteo Garrone ,ftp://ygdy8:ygdy8@yg90.dydytt.net:6014/阳光电影www.ygdy8.com.匹诺曹.BD.1080p.中英双字幕.mkv
军人的妻子/军嫂/女声我最美(台) ,Military Wives/The Singing Club ,2019 ,英国 ,剧情/喜剧 ,英语 ,中英双字幕 ,2019-09-06(多伦多电影节) / 2020-03-06(英国) ,6.3/10 from 136 users ,1920 x 1080 ,2 GB ,110分钟 ,彼得·卡坦纽 Peter Cattaneo ,ftp://ygdy8:ygdy8@yg18.dydytt.net:4026/阳光电影www.ygdy8.com.军人的妻子.BD.1080p.中英双字幕.mkv
杀死本·莱克 ,Kill Ben Lyk ,2019 ,英国 ,喜剧/惊悚 ,英语 ,中英双字幕 ,2019-03-06(英国) ,4.9/10 from 109 users ,1920 x 1080 ,1.42 GB ,77分钟 ,Erwan Marinopoulos ,ftp://ygdy8:ygdy8@yg39.dydytt.net:4027/阳光电影www.ygdy8.com.杀死本·莱克.BD.1080p.中英双字幕.mkv
毒战 ,Shooting Heroin ,2020 ,美国 ,剧情/动作/惊悚 ,英语 ,中英双字幕 ,2020-04-03(美国) ,5.2/10 from 143 users ,1920 x 1080 , GB ,77分钟 ,Spencer T. Folmar ,ftp://ygdy8:ygdy8@yg18.dydytt.net:3027/阳光电影www.ygdy8.com.毒战.BD.1080p.中英双字幕.mkv
叶问4：完结篇/Ip M4n/Ip Man 4/Yip Man 4/Yip Man 4：The Finale/叶问4 ,葉問4 ,2019 ,中国香港 ,剧情/动作 ,国语/粤语 ,中文 ,2019-12-20(中国大陆) ,"7.2/10 from 117,155 users ",1920 x 1080 ,1.9 GB ,107分钟 ,叶伟信 Wilson Yip ,ftp://ygdy8:ygdy8@yg18.dydytt.net:4025/阳光电影www.ygdy8.com.叶问4：完结篇.BD.1080p.国粤双语中字.mkv
节奏组/复仇谜奏 ,The Rhythm Section ,2020 ,英国 ,动作 / 悬疑 / 惊悚 ,英语 ,中英双字幕 ,2020-01-31(英国) ,5.0/10 from 498 users ,1920 x 1080 ,1.9 GB ,109分钟 ,瑞德·穆拉诺 Reed Morano ,ftp://ygdy8:ygdy8@yg39.dydytt.net:3024/阳光电影www.ygdy8.com.节奏组.BD.1080p.中英双字幕.mkv
Ash is Purest White/Money & Love ,江湖儿女/灰烬是最洁白的/金钱与爱情 ,2018 ,中国/法国/日本 ,剧情/爱情/犯罪 ,普通话/山西方言/湖北方言/重庆方言 ,中文 ,2018-05-11(戛纳电影节)/2018-09-21(中国) ,7.6/10 from 171424 users ,1920 x 1080 ,1CD ,137分钟(中国大陆) ,贾樟柯 Zhangke Jia ,ftp://ygdy8:ygdy8@yg39.dydytt.net:8013/阳光电影www.ygdy8.com.江湖儿女.BD.1080p.国语中字.mkv
等待安雅/安雅的回家路(台) ,Waiting for Anya ,2019 ,英国 ,剧情/战争 ,英语 ,中英双字幕 ,2020-02-14(英国) ,6.8/10 from 182 users ,1920 x 1080 ,1CD ,109分钟 ,Ben Cookson ,ftp://ygdy8:ygdy8@yg18.dydytt.net:7017/阳光电影www.ygdy8.com.等待安雅.BD.1080p.中英双字幕.mkv
倾听男人心/偷听男人心/女人百分百(台) ,What Men Want ,2019 ,美国 ,喜剧 / 爱情 / 奇幻 ,英语 ,中英双字幕 ,2019-02-08(美国) ,"5.8/10 from 1,574 users ",1920 x 1080 ,2 GB ,117分钟 ,亚当·山克曼 Adam Shankman ,ftp://ygdy8:ygdy8@yg18.dydytt.net:4024/阳光电影www.ygdy8.com.倾听男人心.BD.1080p.中英双字幕.mkv
SkyFire ,天·火/天火/天火危情 ,2019 ,中国大陆 ,动作 / 冒险 / 灾难 ,"汉语普通话,英语 ",中英双字幕 ,2019-12-12(中国大陆) ,"4.5/10 from 13,342 users ",1920 x 1080 ,1.5 GB ,97分钟 ,西蒙·韦斯特 Simon West ,ftp://ygdy8:ygdy8@yg90.dydytt.net:8066/阳光电影www.ygdy8.com.天·火.HD.1080p.国语中英双字.mkv
琼斯先生/加雷斯·琼斯/雪地里的真相(台) ,Mr. Jones/Gareth Jones ,2019 ,"波兰,英国,乌克兰 ",剧情 / 惊悚 / 传记 ,"英语,乌克兰语,俄语,威尔士语 ",中英双字幕 ,2019-02-10(柏林电影节) / 2019-10-25(波兰) ,7.4/10 from 753 users ,1920 x 1080 ,2.14 GB ,119分钟 ,阿格涅丝卡·霍兰 Agnieszka Holland ,ftp://ygdy8:ygdy8@yg18.dydytt.net:3026/阳光电影www.ygdy8.com.琼斯先生.BD.1080p.中英双字幕.mkv
Long Day's Journey Into Night ,地球最后的夜晚 ,2018 ,中国/法国 ,剧情/爱情/悬疑 ,贵州方言/普通话 ,中文 ,2018-05-15(戛纳电影节)/2018-12-31(中国) ,"6.8/10 from 176,613 users ",1920 x 1040 ,1CD ,140分钟 ,毕赣 Bi Gan ,ftp://ygdy8:ygdy8@yg39.dydytt.net:7013/阳光电影www.ygdy8.com.地球最后的夜晚.BD.1080p.国语中字.mkv
衣橱 / 凶柜(港) / 壁橱 / 阴橱(台) ,The Closet ,2020 ,韩国 ,恐怖/惊悚 ,韩语 ,中文 ,2020-02-05(韩国) ,5.5/10 from 3027 users ,1920 x 1080 ,1.77 GB ,140分钟 ,金光彬 Kwang-bin Kim ,ftp://ygdy8:ygdy8@yg90.dydytt.net:7066/阳光电影www.ygdy8.com.衣橱.BD.1080p.韩语中字.mkv
梦幻岛/谜·离岛(港)/逃出梦幻岛(台) ,Fantasy Island ,2020 ,美国 ,惊悚/恐怖/冒险/奇幻/悬疑 ,英语 ,中英双字幕 ,2020-02-14(美国) ,5.2/10 from 832 users ,1920 x 1080 ,2 GB ,110分钟 ,杰夫·瓦德洛 Jeff Wadlow ,ftp://ygdy8:ygdy8@yg39.dydytt.net:3023/阳光电影www.ygdy8.com.梦幻岛.BD.1080p.中英双字幕.mkv
拧紧/凶宅疑童(港)/碧庐冤孽/螺丝在拧紧/豪门怨灵(台)/转向 ,The Turning ,2020 ,"英国,爱尔兰,加拿大,美国 ",剧情 / 恐怖 ,英语 ,中英双字幕 ,2020-01-24(美国) ,4.4/10 from 522 users ,1920 x 1080 ,1.7 GB ,94分钟 ,弗洛莉娅·塞吉斯蒙迪 Floria Sigismondi ,ftp://ygdy8:ygdy8@yg18.dydytt.net:4023/阳光电影www.ygdy8.com.拧紧.BD.1080p.中英双字幕.mkv
克利夫顿山失踪案 ,Clifton Hill/Disappearance at Clifton Hill ,2019 ,加拿大 ,剧情 / 悬疑 / 惊悚 ,英语 ,中英双字幕 ,2019-09-05(多伦多电影节) / 2020-02-28(美国) ,5.2/10 from 152 users ,1920 x 1080 ,1.78 GB ,101分钟 ,Albert Shin ,ftp://ygdy8:ygdy8@yg39.dydytt.net:3022/阳光电影www.ygdy8.com.克利夫顿山失踪案.BD.1080p.中英双字幕.mkv
米奇和熊 ,Mickey and the Bear ,2019 ,美国 ,剧情 ,英语 ,中英双字幕 ,2019-03-09(西南偏南电影节) / 2019-11-13(美国) ,6.1/10 from 154 users ,1920 x 1080 ,1.49 GB ,88分钟 ,安娜贝尔·艾塔娜斯奥 Annabelle Attanasio ,ftp://ygdy8:ygdy8@yg18.dydytt.net:3025/阳光电影www.ygdy8.com.米奇和熊.BD.1080p.中英双字幕.mkv
悲惨世界 ,Les misérables ,2019 ,法国 ,剧情 ,法语 ,中文 ,2019-05-15(戛纳电影节) / 2019-11-20(法国) ,"8.2/10 from 16,663 users ",1920 x 1080 ,1.84 GB ,103分钟 ,拉德·利 Ladj Ly ,ftp://ygdy8:ygdy8@yg39.dydytt.net:4026/阳光电影www.ygdy8.com.悲惨世界.BD.1080p.法语中字.mkv
真人快打传奇：蝎子的复仇 / 真人快打：魔蝎的复仇（台） ,Mortal Kombat Legends: Scorpions Revenge ,2020 ,美国 ,动作 / 动画 / 冒险 ,英语 ,中英双字幕 ,2020-04-12(美国) ,7.3/10 from 269 users ,1920 x 1080 ,1 GB ,80分钟 ,伊桑·斯波尔丁 Ethan Spaulding ,ftp://ygdy8:ygdy8@yg18.dydytt.net:4022/阳光电影www.ygdy8.com.真人快打传奇：蝎子的复仇.BD.1080p.中英双字幕.mkv
我的间谍/半职业特工队(港)/间谍速成班(台) ,My Spy ,2020 ,美国 ,喜剧/动作 ,英语 ,中英双字幕 ,2020-04-01(中国台湾) / 2020-04-17(美国) ,6.0/10 from 691 users ,1920 x 1080 ,1.79 GB ,100分钟 ,彼得·西格尔 Peter Segal ,ftp://ygdy8:ygdy8@yg18.dydytt.net:7016/阳光电影www.ygdy8.com.我的间谍.BD.1080p.中英双字幕.mkv
从不，很少，有时，总是/从不、很少、有时、总是/绝不、很少、有时、总是 ,Never Rarely Sometimes Always ,2020 ,美国 ,剧情 ,英语 ,中英双字幕 ,2020-01-24(圣丹斯电影节) / 2020-02-25(柏林电影节) / 2020-03-13(美国) ,"7.6/10 from 9,655 users ",1920 x 1080 ,1.78 GB ,101分钟 ,伊丽莎·希特曼 Eliza Hittman ,ftp://ygdy8:ygdy8@yg39.dydytt.net:3021/阳光电影www.ygdy8.com.从不，很少，有时，总是.BD.1080p.中英双字幕.mkv
不要相信任何人 ,Trust No 1 ,2019 ,美国 ,动作 ,英语 ,中英双字幕 ,2019-04-05(美国) ,"7.6/10 from 9,655 users ",1920 x 1080 ,1.73 GB ,90分钟 ,Daron Niemerow ,ftp://ygdy8:ygdy8@yg18.dydytt.net:8016/阳光电影www.ygdy8.com.不要相信任何人.BD.1080p.中英双字幕.mkv
刺肤 ,Knives and Skin ,2019 ,美国 ,剧情 ,英语 ,中英双字幕 ,2019-12-06(美国) ,"7.6/10 from 9,655 users ",1920 x 1080 ,1.94 GB ,111分钟 ,珍妮弗·里德 Jennifer Reeder ,ftp://ygdy8:ygdy8@yg90.dydytt.net:6013/阳光电影www.ygdy8.com.刺肤.BD.1080p.中英双字幕.mkv
绝地战警：疾速追击/绝地战警3/绝地战警FOR LIFE(台)/重案梦幻再重组(港) ,Bad Boys for Life/Bad Boys 3 ,2020 ,美国 ,喜剧 / 动作 / 犯罪 ,英语 ,中英双字幕 ,2020(中国大陆) / 2020-01-17(美国) ,"6.3/10 from 7,302 users ",1920 x 1080 ,2.19 GB ,124分钟 ,阿迪尔·埃尔·阿比 Adil El Arbi ,ftp://ygdy8:ygdy8@yg39.dydytt.net:4025/阳光电影www.ygdy8.com.绝地战警：疾速追击.BD.1080p.中英双字幕.mkv
姐妹老板 / 有限合伙人 / 波士鬥腦細(港) ,Like a Boss / Limited Partners ,2020 ,美国 ,喜剧 ,英语 ,中英双字幕 ,2020-01-10(美国) ,5.0/10 from 93 users ,1920 x 1080 , GB ,83分钟 ,米盖尔·阿尔特塔 Miguel Arteta ,ftp://ygdy8:ygdy8@yg18.dydytt.net:8015/阳光电影www.ygdy8.com.姐妹老板.BD.1080p.中英双字幕.mkv
回到中国 ,Go Back to China ,2019 ,美国 / 中国大陆 ,剧情 ,英语 / 汉语普通话 ,中英双字幕 ,2019-03-09(西南偏南电影节) ,5.0/10 from 93 users ,1920 x 1080 , GB ,95分钟 ,丁怡瑱 Emily Ting ,ftp://ygdy8:ygdy8@yg18.dydytt.net:7015/阳光电影www.ygdy8.com.回到中国.BD.1080p.中英双字幕.mkv
绅士们/绅士追杀令(台)/布什/有钱人/灌木/疯狂绅士帮(港)/纨绔子弟/绅士 ,The Gentlemen/Bush/Toff Guys ,2020 ,美国 ,动作 / 犯罪 ,英语 ,中英双字幕 ,2020-01-24(美国) ,"8.4/10 from 49,125 users ",1920 x 1080 ,2 GB ,113分钟 ,盖·里奇 Guy Ritchie ,ftp://ygdy8:ygdy8@yg39.dydytt.net:3020/阳光电影www.ygdy8.com.绅士们.BD.1080p.中英双字幕.mkv
1/2的魔法/½的魔法/二分之一的魔法/勇往直前/向前/觅法奇程/魔法环游记 ,Onward ,2020 ,美国 ,喜剧 / 动画 / 奇幻 / 冒险 ,英语 ,中英双字幕 ,2020-02-21(柏林电影节) / 2020-03-06(美国) ,"7.9/10 from 13,839 users ",1920 x 1080 ,1.52 GB ,102分钟 ,丹·斯坎隆 Dan Scanlon ,ftp://ygdy8:ygdy8@yg90.dydytt.net:8065/阳光电影www.ygdy8.com.二分之一的魔法.BD.1080p.中英双字幕.mkv
超级青春期 ,Big Time Adolescence ,2019 ,美国 ,喜剧 ,英语 ,中英双字幕 ,2019-01-28(圣丹斯电影节) ,6.2/10 from 221 users ,1920 x 1080 , GB ,90分钟 ,杰森·奥利 Jason Orley ,ftp://ygdy8:ygdy8@yg18.dydytt.net:3024/阳光电影www.ygdy8.com.超级青春期.BD.1080p.中英双字幕.mkv
绝命47小时 ,47 Hours / 47 Hours to Live ,2019 ,加拿大 ,惊悚/恐怖 ,英语 ,中英双字幕 ,2019-10-04(加拿大) ,4.2/10 from 183 users ,1920 x 1080 , GB ,91分钟 ,帕特里克·约翰森 Patrick Johnson ,ftp://ygdy8:ygdy8@yg18.dydytt.net:4021/阳光电影www.ygdy8.com.绝命47小时.BD.1080p.中英双字幕.mkv
茜宝/四面受敌/反击恶势力 ,Seberg/Against All Enemies ,2019 ,美国/英国 ,剧情/惊悚/传记 ,英语 ,中英双字幕 ,2019-08-30(威尼斯电影节)/2019-12-13(美国) ,6.0/10 from 602 users ,1920 x 1080 , GB ,102分钟 ,本尼迪克特·安德鲁斯 Benedict Andrews ,ftp://ygdy8:ygdy8@yg39.dydytt.net:3019/阳光电影www.ygdy8.com.茜宝.BD.1080p.中英双字幕.mkv
缅因姐妹/把那个人击倒 ,Blow the Man Down ,2019 ,美国 ,剧情/喜剧/悬疑 ,英语 ,中英双字幕 ,2019-04-26(翠贝卡电影节) / 2020-03-20(美国) ,6.1/10 from 188 users ,1920 x 1080 ,1.61 GB ,90分钟 ,Bridget Savage Cole / Danielle Krudy ,ftp://ygdy8:ygdy8@yg18.dydytt.net:3023/阳光电影www.ygdy8.com.缅因姐妹.BD.1080p.中英双字幕.mkv
黎明 ,The Dawn ,2020 ,美国 ,惊悚 / 恐怖 ,英语 ,中英双字幕 ,2019-04-26(翠贝卡电影节) / 2020-03-20(美国) ,6.1/10 from 188 users ,1920 x 1080 ,1.5 GB ,90分钟 ,布兰登·萨拉格尔 Brandon Slagle ,ftp://ygdy8:ygdy8@yg18.dydytt.net:4019/阳光电影www.ygdy8.com.黎明.BD.1080p.中英双字幕.mkv
未成年 / 再见，未成年(台) ,Another Child ,2019 ,韩国 ,剧情 ,韩语 ,中文 ,2019-04-11(韩国) ,7.1/10 from 1591 users ,1920 x 1080 ,1.76 GB ,96分钟 ,金允石 Yoon-suk Kim ,ftp://ygdy8:ygdy8@yg39.dydytt.net:4024/阳光电影www.ygdy8.com.未成年.BD.1080p.韩语中字.mkv
连锁反应/换命锁链/換命鎖鏈(台) ,The Chain ,2019,美国/西班牙 ,惊悚/悬疑 ,英语 ,中文 ,2019-05-15(西班牙) ,5.2/10 from 107 users ,1920 x 1080 , GB ,101分钟 ,David Martín Porras ,ftp://ygdy8:ygdy8@yg90.dydytt.net:7065/阳光电影www.ygdy8.com.连锁反应.BD.1080p.英语中字.mkv
始动/启动/青春催落去(台) ,Start-up ,2019 ,韩国 ,剧情 / 喜剧 ,韩语 ,中文 ,2019-12-18(韩国) ,"6.5/10 from 3,704 users ",1920 x 1080 ,1.8 GB ,101分钟 ,崔正烈 Jeong-Yeol Choi ,ftp://ygdy8:ygdy8@yg18.dydytt.net:5007/阳光电影www.ygdy8.com.始动.BD.1080p.韩语中字.mkv
绝命密码站/数字战(台)/解码危机(港) ,The Numbers Station ,2013 ,"英国,美国,比利时 ",动作 / 惊悚 ,英语 ,中英双字幕 ,2013-04-26(美国) ,"5.5/10 from 2,796 users ",1920 x 1080 ,1.62 GB ,89分钟 ,卡斯珀·巴福德 Kasper Barfoed ,ftp://ygdy8:ygdy8@yg90.dydytt.net:6012/阳光电影www.ygdy8.com.绝命密码站.BD.1080p.中英双字幕.mkv
分手前要做的十件事 ,10 Things We Should Do Before We Break Up ,2019 ,美国 ,剧情/爱情 ,英语 ,中英双字幕 ,2020-02-28(日本) ,5.7/10 from 199 users ,1920 x 1080 ,1.36 GB ,74分钟 ,Galt Niederhoffer ,ftp://ygdy8:ygdy8@yg39.dydytt.net:3018/阳光电影www.ygdy8.com.分手前要做的十件事.BD.1080p.中英双字幕.mkv
 ,鬼吹灯之龙岭迷窟 ,2020 ,中国大陆 ,动作 / 奇幻 / 冒险 ,普通话 ,中文 ,2020-04-02(中国大陆) ,5.7/10 from 199 users ,1920 x 816 ,1.58 GB ,95分钟 ,朴成淑 ,ftp://ygdy8:ygdy8@yg18.dydytt.net:8014/阳光电影www.ygdy8.com.鬼吹灯之龙岭迷窟.HD.1080p.国语中字.mp4
Killer Bee Invasion ,杀人蜂入侵 ,2020 ,中国大陆 ,动作 / 科幻 / 悬疑 ,普通话 ,中文 ,2020-04-01(中国大陆) ,5.7/10 from 199 users ,3840 x 1636 ,2.08 GB ,77分钟 ,靳浩 / 刘松 / 许亮 Liang Xu ,ftp://ygdy8:ygdy8@yg18.dydytt.net:8014/阳光电影www.ygdy8.com.鬼吹灯之龙岭迷窟.HD.1080p.国语中字.mp4
深海异兽 / 水下 / 深海终劫站(台) ,Underwater ,2020 ,美国 ,惊悚 / 恐怖 ,英语 ,中英双字幕 ,2020-01-10(美国) ,5.9/10 from 4506 users ,1920 x 1080 ,1.67 GB ,95分钟 ,威廉·尤班克 William Eubank ,ftp://ygdy8:ygdy8@yg18.dydytt.net:3022/阳光电影www.ygdy8.com.深海异兽.BD.1080p.中英双字幕.mkv
Pegasus ,飞驰人生 ,2019 ,中国 ,喜剧 ,普通话 ,中文 ,2019-02-05(中国) ,7.0/10 from 405016 users ,1920 x 1080 ,1.84 GB ,98分钟 ,郑芬芬 Fenfen Cheng ,ftp://ygdy8:ygdy8@yg90.dydytt.net:8064/阳光电影www.ygdy8.com.飞驰人生.BD.1080p.国语中字.mkv
百万碎片 ,A Million Little Pieces ,2018 ,美国 ,剧情 ,英语 ,中英双字幕 ,2019-08-30(英国) / 2019-12-06(美国) ,5.9/10 from 251 users ,1920 x 1080 ,1.84 GB ,113分钟 ,萨姆·泰勒·约翰逊 Sam Taylor-Johnson ,ftp://ygdy8:ygdy8@yg39.dydytt.net:7012/阳光电影www.ygdy8.com.百万碎片.BD.1080p.中英双字幕.mkv
回归之路/归来之路/归途/托兰斯教练 ,The Way Back/The Has-Been/Torrance ,2020 ,美国 ,剧情/运动 ,英语 ,中英双字幕 ,2020-03-06(美国) ,6.7/10 from 1557 users ,1920 x 1080 ,1.95 GB ,108分钟 ,加文·欧康诺 Gavin O'Connor ,ftp://ygdy8:ygdy8@yg39.dydytt.net:3017/阳光电影www.ygdy8.com.回归之路.BD.1080p.中英双字幕.mkv
秘密动物园/不会伤害你/不伤害/兽头救兵(港)/没有伤害/超“人”气动物园(台) ,Secret Zoo ,2020 ,韩国 ,喜剧 ,韩语 ,中文 ,2020-01-15(韩国) ,6.5/10 from 10494 users ,1920 x 1080 ,2.08 GB ,117分钟 ,孙在坤 Jae-gon Son ,ftp://ygdy8:ygdy8@yg18.dydytt.net:4018/阳光电影www.ygdy8.com.秘密动物园.BD.1080p.韩语中字.mkv
野性的呼唤/极地守护犬(港/台)/绝境长征/荒野的呼唤 ,The Call of the Wild ,2020 ,"美国,加拿大 ",剧情 / 冒险 ,"英语,法语 ",中英双字幕 ,2020-02-21(美国) / 2020(中国大陆) ,"7.1/10 from 2,400 users ",1920 x 1080 ,1.83 GB ,110分钟 ,克里斯·桑德斯 Chris Sanders ,ftp://ygdy8:ygdy8@yg39.dydytt.net:8012/阳光电影www.ygdy8.com.野性的呼唤.BD.1080p.中英双字幕.mkv
宝贝男孩/乖儿子/宝贝童年(港)/我的宝贝男孩(台) ,Honey Boy/Stamen ,2019 ,美国 ,剧情 ,英语 ,中英双字幕 ,2019-01-25(圣丹斯电影节) / 2019-11-27(美国) ,"7.3/10 from 1,758 users ",1920 x 1080 ,1.66 GB ,93分钟 ,阿尔玛·哈勒 Alma Har'el ,ftp://ygdy8:ygdy8@yg18.dydytt.net:3021/阳光电影www.ygdy8.com.宝贝男孩.BD.1080p.中英双字幕.mkv
The Climbers ,攀登者 ,2019 ,中国 ,剧情/冒险 ,"普通话,藏语 ",中英双字幕 ,2019-09-30(中国) ,"6.3/10 from 163,864 users ",1920 x 1080 ,2.13 GB ,125分钟 ,李仁港 Daniel Lee ,ftp://ygdy8:ygdy8@yg90.dydytt.net:7064/阳光电影www.ygdy8.com.攀登者.BD.1080p.国语中英双字.mkv
Fatal Journey ,陈情令之乱魄/陈情令番外电影 ,2020 ,中国大陆 ,奇幻 / 古装 ,普通话 ,中英双字幕 ,2020-03-26(中国大陆) ,"5.8/10 from 15,373 users ",1920 x 1080 ,1.89 GB ,82分钟 ,裘仲维 Zhongwei Qiu ,ftp://ygdy8:ygdy8@yg18.dydytt.net:4017/阳光电影www.ygdy8.com.陈情令之乱魄.HD.1080p.国语中英双字.mkv
井下9人/生命一小时 ,Mine 9 ,2019 ,美国 ,剧情 ,英语 ,中英双字幕 ,2019-03-08(美国) ,5.7/10 from 234 users ,1920 x 1080 ,1.56 GB ,83分钟 ,Eddie Mensore ,ftp://ygdy8:ygdy8@yg39.dydytt.net:4022/阳光电影www.ygdy8.com.井下9人.BD.1080p.中英双字幕.mkv
绝地战警：疾速追击/绝地战警3/绝地战警FOR LIFE(台)/重案梦幻再重组(港) ,Bad Boys for Life/Bad Boys 3 ,2020 ,美国 ,喜剧 / 动作 / 犯罪 ,英语 ,中英双字幕 ,2020(中国大陆) / 2020-01-17(美国) ,"6.3/10 from 7,302 users ",1920 x 1080 ,2 GB ,124分钟 ,阿迪尔·埃尔·阿比 Adil El Arbi ,ftp://ygdy8:ygdy8@yg18.dydytt.net:3020/阳光电影www.ygdy8.com.绝地战警：疾速追击.HD.1080p.中英双字幕.mkv
小妇人/她们(台) ,Little Women ,2019 ,美国 ,剧情/爱情 ,英语 ,中英双字幕 ,2019-12-25(美国) / 2020(中国大陆) ,"8.2/10 from 93,330 users ",1920 x 1080 ,2.2 GB ,135分钟 ,格蕾塔·葛韦格 Greta Gerwig ,ftp://ygdy8:ygdy8@yg18.dydytt.net:3019/阳光电影www.ygdy8.com.小妇人.BD.1080p.中英双字幕.mkv
生态箱 / 园区 ,Vivarium ,2019 ,美国 / 比利时 / 爱尔兰 / 丹麦 ,科幻 / 悬疑 / 惊悚 ,英语 ,中英双字幕 ,2019-05-18(戛纳电影节) ,6.6/10 from 84 users ,1920 x 1080 ,1.7 GB ,97分钟 ,罗根·费纳根 Lorcan Finnegan ,ftp://ygdy8:ygdy8@yg90.dydytt.net:8063/阳光电影www.ygdy8.com.生态箱.BD.1080p.中英双字幕.mkv
星游记2 ,星游记之风暴法米拉2 ,2020 ,中国大陆 ,动画 / 奇幻 / 冒险 ,汉语普通话 ,中文 ,2020-03-28(中国大陆) ,"7.3/10 from 2,827 users ",1920 x 1080 , GB ,88分钟 ,胡一泊 Yibo Hu ,ftp://ygdy8:ygdy8@yg39.dydytt.net:3016/阳光电影www.ygdy8.com.星游记之风暴法米拉2.HD.1080p.国语中字.mkv
多力特的奇幻冒险/怪医D老笃(港)/怪医杜立德/怪医杜立德历险记/杜立德(台)/杜立德医生的旅行 ,Dolittle/The Vogage of Dr. Dolittle/The Voyage of Doctor Dolittle ,2020 ,美国 ,喜剧 / 奇幻 ,英语 ,中英双字幕 ,2020(中国大陆) / 2020-01-17(美国) ,"5.8/10 from 1,018 users ",1920 x 1040 ,1.79 GB ,101分钟 ,斯蒂芬·加汉 Stephen Gaghan ,ftp://ygdy8:ygdy8@yg90.dydytt.net:7063/阳光电影www.ygdy8.com.多力特的奇幻冒险.BD.1080p.中英双字幕.mkv
多力特的奇幻冒险/怪医D老笃(港)/怪医杜立德/怪医杜立德历险记/杜立德(台)/杜立德医生的旅行 ,暴躁家族 ,2019 ,中国大陆 ,剧情 / 喜剧 / 动作 / 犯罪 ,普通话 ,中文 ,2019-08-15(中国大陆) ,4.4/10 from 520 users ,1920 x 1080 ,1.91 GB ,90分钟 ,文一行 EasonWen ,ftp://ygdy8:ygdy8@yg39.dydytt.net:6019/阳光电影www.ygdy8.com.暴躁家族.HD.1080p.国语中字.mp4
隐形人/隐形客(港)/隐身人 ,The Invisible Man ,2020 ,"澳大利亚,美国,加拿大,英国 ",科幻 / 惊悚 / 恐怖 ,英语 ,中英双字幕 ,2020-02-28(美国) ,"7.3/10 from 34,955 users ",1920 x 1080 ,2.12 GB ,124分钟 ,雷·沃纳尔 Leigh Whannell ,ftp://ygdy8:ygdy8@yg39.dydytt.net:4021/阳光电影www.ygdy8.com.隐形人.BD.1080p.中英双字幕.mkv
狩猎/猎捕/追捕/猎逃生死战 ,The Hunt ,2020 ,美国 ,动作 / 惊悚 ,英语 ,中英双字幕 ,2020-03-13(美国) ,"7.0/10 from 11,483 users ",1920 x 1080 ,1.53 GB ,89分钟 ,克雷格·卓贝 Craig Zobel ,ftp://ygdy8:ygdy8@yg90.dydytt.net:8062/阳光电影www.ygdy8.com.狩猎.BD.1080p.中英双字幕.mkv
喋血战士/血卫(台) ,Bloodshot ,2020 ,中国大陆 / 美国 ,动作 / 科幻 ,英语 ,中英双字幕 ,2020(中国大陆) / 2020-03-13(美国) ,5.5/10 from 879 users ,1920 x 1080 ,2 GB ,109分钟 ,戴夫·威尔逊 Dave Wilson ,ftp://ygdy8:ygdy8@yg18.dydytt.net:8013/阳光电影www.ygdy8.com.喋血战士.BD.1080p.中英双字幕.mkv
爆裂老兵/海外作战退伍军人/美国国外战争退伍军人/老兵 ,V.F.W./Veterans of Foreign Wars ,2019 ,美国 ,动作/恐怖 ,英语 ,中英双字幕 ,2019-09-21(美国) ,5.1/10 from 231 users ,1920 x 1080 ,1.69 GB ,92分钟 ,Joe Begos ,ftp://ygdy8:ygdy8@yg18.dydytt.net:7013/阳光电影www.ygdy8.com.爆裂老兵.BD.1080p.中英双字幕.mkv
The Captain/The Chinese Pilot ,中国机长 ,2019 ,中国 ,剧情/ 灾难 ,"普通话,藏语,英语,四川话 ",中文 ,2019-09-30(中国大陆) ,"7.0/10 from 327,050 users ",1920 x 1080 ,1CD ,111分钟 ,刘伟强 Andrew Lau ,ftp://ygdy8:ygdy8@yg18.dydytt.net:3018/阳光电影www.ygdy8.com.中国机长.BD.1080p.国语中英双字.mkv
哈莉·奎因：猛禽小队/猛禽小队/猛禽小队：小丑女大解放(台)/猛禽小队(以及一个哈莉·奎茵的奇妙解放)/猛禽小队与哈莉·奎茵的奇妙解放/猛禽小队和哈莉·奎茵/猛禽暴队：解疯小丑女(港) ,Harley Quinn: Birds of Prey/Birds of Prey/Birds of Prey (And the Fantabulous Emancipation of One Harley Quinn) ,2020 ,美国 ,动作 / 犯罪 / 冒险 ,英语 ,中英双字幕 ,2020-02-07(美国) ,"6.6/10 from 6,312 users ",1920 x 1080 ,2 GB ,109分钟 ,阎羽茜 Cathy Yan ,ftp://ygdy8:ygdy8@yg39.dydytt.net:4020/阳光电影www.ygdy8.com.猛禽小队和哈莉·奎茵.BD.1080p.中英双字幕.mkv
饥饿站台/站台/绝命大平台(台)/饥饿斗室(港) ,El hoyo/La plataforma/The Platform ,2019 ,西班牙 ,科幻 / 惊悚 / 恐怖 ,西班牙语 ,中英双字幕 ,2019-09-06(多伦多电影节) / 2019-11-08(西班牙) ,"7.3/10 from 12,078 users ",1920 x 1080 ,1.64 GB ,94分钟 ,加尔德·加兹特鲁·乌鲁蒂亚 Galder Gaztelu-Urrutia ,ftp://ygdy8:ygdy8@yg18.dydytt.net:7012/阳光电影www.ygdy8.com.饥饿站台.BD.1080p.中英双字幕.mkv
小怪物/小怪兽/校外打怪教学(台)/老师·丧尸·小BB(港) ,Little Monsters ,2019 ,"英国,澳大利亚,美国 ",喜剧 / 恐怖 ,英语 ,中英双字幕 ,2019-01-27(圣丹斯电影节) / 2019-10-05(伦敦电影节) / 2019-10-08(美国) / 2019-11-15(英国) ,"6.4/10 from 2,815 users ",1920 x 1080 ,1.56 GB ,94分钟(圣丹斯电影节) ,亚伯·福赛斯 Abe Forsythe ,ftp://ygdy8:ygdy8@yg39.dydytt.net:6018/阳光电影www.ygdy8.com.小怪物.BD.1080p.中英双字幕.mkv
阴谋：作家之死 ,Intrigo: Death of an Author ,2018 ,瑞典 / 美国 / 德国 ,悬疑 / 犯罪 ,英语 ,中英双字幕 ,2018-10-11(德国) ,6.4/10 from 276 users ,1920 x 1080 ,1.84 GB ,94分钟(圣丹斯电影节) ,丹尼尔·阿尔弗雷森 Daniel Alfredson ,ftp://ygdy8:ygdy8@yg18.dydytt.net:4016/阳光电影www.ygdy8.com.阴谋：作家之死.BD.1080p.中英双字幕.mkv
朱迪与潘趣/朱迪与庞奇 ,Judy and Punch ,2019 ,"澳大利亚,英国 ",剧情 / 喜剧 / 惊悚 / 犯罪 ,英语 ,中英双字幕 ,2019-01-27(圣丹斯电影节) / 2019-10-12(伦敦电影节) / 2019-11-21(澳大利亚) ,5.7/10 from 105 users ,1920 x 1080 ,1.83 GB ,106分钟(圣丹斯电影节) ,米拉·福尔克斯 Mirrah Foulkes ,ftp://ygdy8:ygdy8@yg18.dydytt.net:8012/阳光电影www.ygdy8.com.朱迪与潘趣.BD.1080p.中英双字幕.mkv
塔巴德/塔巴德村庄/塔巴德魔神/女神的子宮/村魔(港) ,Tumbbad ,2018 ,印度 ,剧情/惊悚/奇幻 ,印地语 ,中英双字幕 ,2018-08-29(威尼斯电影节)/2018-10-12(印度) ,"7.4/10 from 6,075 users ",1920 x 1080 ,1.74 GB ,104分钟 ,拉希·阿尼尔·巴夫 Rahi Anil Barve ,ftp://ygdy8:ygdy8@yg39.dydytt.net:4019/阳光电影www.ygdy8.com.塔巴德.BD.1080p.中英双字幕.mkv
The Composer ,音乐家 ,2019 ,中国大陆 / 哈萨克斯坦 ,剧情 / 历史 ,汉语普通话 / 俄语 ,中英双字幕 ,2019-04-13(北京国际电影节) / 2019-05-17(中国大陆) ,7.0/10 from 1839 users ,1920 x 1080 ,1.74 GB ,104分钟 ,西尔扎提·亚合甫 Xirzat Yahup ,ftp://ygdy8:ygdy8@yg18.dydytt.net:8011/阳光电影www.ygdy8.com.音乐家.HD.1080p.国语中英双字.mkv
偶像/权力杀机(台)/陰謬(港)/阴谬 ,Idol ,2019 ,韩国 ,惊悚 / 犯罪 ,韩语 ,中英双字幕 ,2019-02-08(柏林电影节) / 2019-03-20(韩国) ,5.8/10 from 934 users ,1920 x 1080 ,2.34 GB ,144分钟 ,李铢真 Su-jin Lee ,ftp://ygdy8:ygdy8@yg18.dydytt.net:5006/阳光电影www.ygdy8.com.偶像.BD.1080p.韩语中字.mkv
小森林/橫越生死線(台) ,Little Woods ,2018 ,美国 ,剧情 / 西部 ,英语 ,中英双字幕 ,2018-04-21(翠贝卡电影节) ,6.4/10 from 140 users ,1920 x 1080 ,1.79 GB ,105分钟 ,尼娅·达科斯塔 Nia DaCosta ,ftp://ygdy8:ygdy8@yg39.dydytt.net:6017/阳光电影www.ygdy8.com.小森林.BD.1080p.中英双字幕.mkv
奏冥曲 ,The Sonata ,2018 ,"英国,法国,俄罗斯,拉脱维亚 ",悬疑 / 惊悚 / 恐怖 ,英语 ,中英双字幕 ,2018-11-15(俄罗斯) / 2019-10-31(拉脱维亚) / 2020-01-10(美国) ,5.0/10 from 202 users ,1920 x 1080 ,1.61 GB ,88分钟 ,Andrew Desmond ,ftp://ygdy8:ygdy8@yg90.dydytt.net:7062/阳光电影www.ygdy8.com.奏冥曲.BD.1080p.中英双字幕.mkv
银行家 ,The Banker ,2019 ,美国 ,剧情 ,英语 ,中英双字幕 ,2019-12-06(美国) ,7.4/10 from 178 users ,1920 x 1080 ,2 GB ,120分钟 ,乔治·诺非 George Nolfi ,ftp://ygdy8:ygdy8@yg39.dydytt.net:4018/阳光电影www.ygdy8.com.银行家.BD.1080p.中英双字幕.mkv
The Winners ,大赢家 ,2020 ,中国大陆 ,喜剧 ,普通话 ,中英双字幕 ,2020-03-20(中国大陆) ,7.4/10 from 178 users ,1912 x 744 ,1.19 GB ,120分钟 ,于淼 Miao Yu ,ftp://ygdy8:ygdy8@yg18.dydytt.net:8010/阳光电影www.ygdy8.com.大赢家.HD.1080p.国语中英双字.mp4
刺猬索尼克/超音鼠大电影(港)/音速小子(台) ,Sonic the Hedgehog ,2020 ,"加拿大,日本,美国 ",喜剧 / 动作 / 动画 / 冒险 ,英语 ,中英双字幕 ,2020(中国大陆) / 2020-02-14(美国) ,"6.6/10 from 1,082 users ",1920 x 1080 ,1.82 GB ,100分钟 ,杰夫·福勒 Jeff Fowler ,ftp://ygdy8:ygdy8@yg39.dydytt.net:4017/阳光电影www.ygdy8.com.刺猬索尼克.BD.1080p.中英双字幕.mkv
正义的慈悲 / 不完美的正义(台) / 以公义之名(港) ,Just Mercy ,2019 ,美国 ,剧情 ,英语 ,中英双字幕 ,2019-09-06(多伦多电影节) / 2019-12-25(美国点映) / 2020-01-10(美国) ,7.7/10 from 2173 users ,1920 x 1040 ,2.28 GB ,136分钟 ,德斯汀·克里顿 Destin Cretton ,ftp://ygdy8:ygdy8@yg18.dydytt.net:7011/阳光电影www.ygdy8.com.正义的慈悲.BD.1080p.中英双字幕.mkv
无尽的战壕 ,La trinchera infinita/The Endless Trench ,2019 ,西班牙 ,剧情 ,西班牙语 ,中英双字幕 ,2019-10-31(西班牙) ,7.2/10 from 112 users ,1920 x 1080 ,2.4 GB ,147分钟 ,埃特尔·阿瑞吉 Aitor Arregi ,ftp://ygdy8:ygdy8@yg90.dydytt.net:8061/阳光电影www.ygdy8.com.无尽的战壕.BD.1080p.中英双字幕.mkv
雷米奇遇记/无亲的雷米/苦儿流浪记(台) ,"Rémi sans famille/Rémi, Nobody's Boy ",2018 ,法国 ,剧情 ,法语/国语 ,中文 ,2018-09-30(蒙彼利埃首映) / 2018-12-12(法国) / 2019-11-22(中国大陆) ,"7.6/10 from 1,964 users ",1920 x 1080 ,1.97 GB ,109分钟 ,安托万·布勒西耶 Antoine Blossier ,ftp://ygdy8:ygdy8@yg18.dydytt.net:3017/阳光电影www.ygdy8.com.雷米奇遇记.BD.1080p.国法双语中字.mkv
通灵车教/极其普通 ,Extra Ordinary ,2019 ,"爱尔兰,比利时,芬兰,英国 ",喜剧 / 恐怖 / 奇幻 ,英语 ,中英双字幕 ,2019-03-10(西南偏南电影节) ,6.8/10 from 227 users ,1920 x 1080 ,1.73 GB ,94分钟 ,迈克·艾亨 Mike Ahern ,ftp://ygdy8:ygdy8@yg39.dydytt.net:6016/阳光电影www.ygdy8.com.通灵车教.BD.1080p.中英双字幕.mkv
通灵车教/极其普通 ,突袭之丛林脱险 ,2019 ,中国大陆 ,动作 / 科幻 / 悬疑 / 奇幻 / 冒险 ,普通话 ,中文 ,2020-01-21(中国大陆) ,6.8/10 from 227 users ,3840 x 1610 ,2.78 GB ,75分钟 ,苗金仓 ,ftp://ygdy8:ygdy8@yg18.dydytt.net:3016/阳光电影www.ygdy8.com.突袭之丛林脱险.HD.2160p.国语中字.mp4
1917：逆战救兵(港)/一九一七 ,1917 ,2019 ,"英国,美国 ",剧情 / 战争 ,"英语,法语,德语 ",中英双字幕 ,2019-12-25(美国) / 2020(中国大陆) / 2020-01-10(英国) ,"8.5/10 from 138,755 users ",1920 x 1080 ,2.18 GB ,119分钟 ,萨姆·门德斯 Sam Mendes ,ftp://ygdy8:ygdy8@yg39.dydytt.net:4016/阳光电影www.ygdy8.com.一九一七.BD.1080p.中英双字幕.mkv
星球大战9：天行者崛起/星战9/星球大战9 ,Star Wars: The Rise of Skywalker/Star Wars 9/Star Wars: Episode IX ,2019 ,美国 ,动作/科幻/冒险 ,英语/国语 ,中英双字幕 ,2019-12-18(中国大陆)/2019-12-20(美国) ,6.5/10 from 56965 users ,1920 x 1080 ,2.51 GB ,142分钟 ,J·J·艾布拉姆斯 J.J. Abrams ,ftp://ygdy8:ygdy8@yg18.dydytt.net:4014/阳光电影www.ygdy8.com.星球大战9：天行者崛起.BD.1080p.国英双语双字.mkv
不义之战/辣警霸王花2/辣警霸王花2不义之战 ,Special Female Force II ,2019 ,中国香港 ,剧情 / 动作 ,粤语/普通话 ,中文 ,2019-09-26(中国香港) ,6.5/10 from 56965 users ,1920 x 1080 ,1.75 GB ,96分钟 ,李志伦 Jacky Lee ,ftp://ygdy8:ygdy8@yg90.dydytt.net:6011/阳光电影www.ygdy8.com.不义之战.BD.1080p.国粤双语中字.mkv
别放手/只有你/重温死亡 ,Don't Let Go/Only You/Relive ,2019 ,美国 ,悬疑/惊悚/恐怖 ,英语 ,中英双字幕 ,2019-01-27(圣丹斯电影节) / 2019-08-30(美国) ,5.3/10 from 208 users ,1920 x 1080 ,1.79 GB ,107分钟(圣丹斯电影节) ,雅各布·艾伦·埃斯戴斯 Jacob Aaron Estes ,ftp://ygdy8:ygdy8@yg39.dydytt.net:6015/阳光电影www.ygdy8.com.别放手.BD.1080p.中英双字幕.mkv
星球大战9：天行者崛起/星战9/星球大战9 ,Star Wars: The Rise of Skywalker/Star Wars 9/Star Wars: Episode IX ,2019 ,美国 ,动作/科幻/冒险 ,英语 ,中英双字幕 ,2019-12-18(中国大陆)/2019-12-20(美国) ,6.5/10 from 56965 users ,1920 x 1080 ,2.4 GB ,142分钟 ,J·J·艾布拉姆斯 J.J. Abrams ,ftp://ygdy8:ygdy8@yg18.dydytt.net:3015/阳光电影www.ygdy8.com.星球大战9：天行者崛起.BD.1080p.中英双字幕.mkv
变身特工/伪装间谍/变身特务(台)/变雀特工(港)/百变间谍王/间谍伪装/飞鸽特工队/鸽中谍 ,Spies in Disguise ,2019 ,美国 ,喜剧 / 动作 / 科幻 / 动画 ,英语/国语 ,中英双字幕 ,2019-12-04(加州首映) / 2019-12-25(美国) / 2020-01-03(中国大陆) ,"7.7/10 from 26,554 users ",1920 x 1080 ,1.6 GB ,102分钟 ,尼克·布鲁诺 Nick Bruno ,ftp://ygdy8:ygdy8@yg90.dydytt.net:7060/阳光电影www.ygdy8.com.变身特工.BD.1080p.国英双语双字.mkv
绑灵/Blinding Souls ,綁靈 ,2019 ,"中国香港,中国台湾 ",恐怖/惊悚 ,粤语/普通话 ,中文 ,2019-09-05(中国香港) ,4.0/10 from 74 users ,1920 x 1080 ,1.71 GB ,90分钟 ,陈鹏振 Pang-chun Chan ,ftp://ygdy8:ygdy8@yg39.dydytt.net:5008/阳光电影www.ygdy8.com.绑灵.BD.1080p.国粤双语中字.mkv
失踪女孩/失足少女/失踪的女孩：长岛连环杀人事件 ,Lost Girls ,2020 ,美国 ,剧情/悬疑/惊悚 ,英语 ,中英双字幕 ,2020-01-28(圣丹斯电影节) / 2020-03-13(美国) ,6.2/10 from 108 users ,1920 x 1080 , GB ,95分钟 ,丽兹·加巴斯 Liz Garbus ,ftp://ygdy8:ygdy8@yg18.dydytt.net:3014/阳光电影www.ygdy8.com.失踪女孩.BD.1080p.中英双字幕.mkv
卡丁赛车王/爱上高卡车 ,Go!/Go Karts! ,2020 ,澳大利亚 ,剧情/家庭 ,英语 ,中英双字幕 ,2020-01-16(澳大利亚) / 2020-03-13(Netflix) ,6.2/10 from 108 users ,1920 x 1080 , GB ,102分钟 ,Owen Trevor ,ftp://ygdy8:ygdy8@yg39.dydytt.net:6013/阳光电影www.ygdy8.com.卡丁赛车王.BD.1080p.中英双字幕.mkv
Sheep Without a Shepherd/Visual ,误杀/误杀瞒天记中国版 ,2019 ,中国大陆 ,剧情 / 悬疑 / 犯罪 ,普通话 ,中文 ,2019-12-07(大规模点映) / 2019-12-13(中国大陆) ,"7.7/10 from 421,627 users ",1920 x 1080 ,1.97 GB ,112分钟 ,柯汶利 Sam Quah ,ftp://ygdy8:ygdy8@yg18.dydytt.net:8009/阳光电影www.ygdy8.com.误杀.HD.1080p.国语中英双字.mp4
白头山/白头山：半岛浩劫(台)/白头山：火山浩劫(港)/长白山 ,Ashfall ,2019 ,韩国 ,动作 / 灾难 ,"韩语,英语,汉语普通话 ",中文 ,2019-12-19(韩国) ,"6.5/10 from 19,280 users ",1920 x 1080 ,2.18 GB ,130分钟 ,李海准 Hae-jun Lee / 金丙书 Byung-seo Kim ,ftp://ygdy8:ygdy8@yg39.dydytt.net:4015/阳光电影www.ygdy8.com.白头山.BD.1080p.韩语中字.mkv
新咒怨(美版)/咒怨4(美版)/怨咒(台)/新美版咒怨 ,The Grudge ,2020 ,美国 ,恐怖/惊悚 ,英语 ,中英双字幕 ,2020-01-03(美国) ,"4.5/10 from 1,404 users ",1920 x 1080 ,1.56 GB ,93分钟 ,尼古拉斯·佩谢 Nicolas Pesce ,ftp://ygdy8:ygdy8@yg90.dydytt.net:8059/阳光电影www.ygdy8.com.新咒怨(美版).BD.1080p.中英双字幕.mkv
大理寺机密 ,狄仁杰之深海龙宫 ,2020 ,中国大陆 ,古装/悬疑/剧情 ,普通话 ,中文 ,2020-02-21(中国) ,"4.5/10 from 1,404 users ",3840 x 1638 ,2.15 GB ,93分钟 ,童辉 ,ftp://ygdy8:ygdy8@yg18.dydytt.net:7010/阳光电影www.ygdy8.com.狄仁杰之深海龙宫.HD.2160p.国语中字.mp4
南山的部长们 ,The Man Standing Next ,2020 ,韩国 ,剧情 ,韩语 ,中文 ,2020-01-22(韩国) ,"8.2/10 from 42,117 users ",1920 x 1080 ,2.01 GB ,114分钟 ,禹民镐 Min-ho Woo ,ftp://ygdy8:ygdy8@yg39.dydytt.net:4014/阳光电影www.ygdy8.com.南山的部长们.BD.1080p.韩语中字.mkv
Ne Zha/Nezha: Birth of the Demon Child ,哪吒之魔童降世/哪吒降世 ,2019 ,中国 ,剧情/喜剧/动画/奇幻 ,普通话 ,中英双字幕 ,2019-07-13(大规模点映)/2019-07-26(中国) ,8.6/10 from 963656 users ,1920 x 1080 ,1.79 GB ,110分钟 ,饺子 Yu Yang ,ftp://ygdy8:ygdy8@yg18.dydytt.net:5005/阳光电影www.ygdy8.com.哪吒之魔童降世.BD.1080p.国语中英双字.mkv
The Greatest Lover ,公子多情 ,1988 ,中国香港 ,喜剧/爱情 ,国语/粤语 ,中文 ,1988-07-30 ,"7.0/10 from 4,089 users ",1920 x 1080 ,1.77GB ,115分钟 ,霍耀良 Clarence Fok Yiu-leung ,ftp://ygdy8:ygdy8@yg90.dydytt.net:6010/阳光电影www.ygdy8.com.公子多情.BD.1080p.国粤双语中字.mkv
小妇人/她们(台) ,Little Women ,2019 ,美国 ,剧情/爱情 ,英语 ,中英双字幕 ,2019-12-25(美国) / 2020(中国大陆) ,"8.2/10 from 93,330 users ",1920 x 1080 ,2.24 GB ,135分钟 ,格蕾塔·葛韦格 Greta Gerwig ,ftp://ygdy8:ygdy8@yg18.dydytt.net:4013/阳光电影www.ygdy8.com.小妇人.HD.1080p.中英双字幕.mkv
逃离比勒陀利亚 ,Escape from Pretoria ,2020 ,"英国,澳大利亚 ",剧情 / 惊悚 / 犯罪 ,英语 ,中英双字幕 ,2020-03-06(英国) ,7.5/10 from 271 users ,1920 x 1080 ,1.91 GB ,106分钟 ,Francis Annan ,ftp://ygdy8:ygdy8@yg39.dydytt.net:5007/阳光电影www.ygdy8.com.逃离比勒陀利亚.BD.1080p.中英双字幕.mkv
漫画威龙之大话特务/大画特务(台) ,Hitman: Agent Jun ,2020 ,韩国 ,喜剧/动作 ,韩语 ,中文 ,2020-01-22(韩国) ,"6.4/10 from 2,832 users ",1920 x 1080 ,1.97 GB ,110分钟 ,崔元燮 ,ftp://ygdy8:ygdy8@yg39.dydytt.net:4013/阳光电影www.ygdy8.com.漫画威龙之大话特务.BD.1080p.韩语中字.mkv
斯宾塞的机密任务/仙境/史宾赛的机密任务(台)/奇特之地/斯潘瑟机密/隐侠：地下正义(港) ,Spenser Confidential/Wonderland ,2020 ,美国 ,剧情 / 悬疑 / 惊悚 / 犯罪 ,英语 ,中英双字幕 ,2020-03-06(美国) ,"5.7/10 from 1,019 users ",1920 x 1080 ,1.96 GB ,110分钟 ,彼得·博格 Peter Berg ,ftp://ygdy8:ygdy8@yg18.dydytt.net:4012/阳光电影www.ygdy8.com.斯宾塞的机密任务.BD.1080p.中英双字幕.mkv
与我跳舞 ,ダンスウィズミー/Dance With Me ,2019 ,日本 ,喜剧 / 歌舞 / 冒险 ,"日语,汉语普通话 ",中文 ,2019-06-15(上海电影节) / 2019-08-16(日本) ,"7.0/10 from 3,487 users ",1920 x 1080 ,1.79 GB ,104分钟 ,矢口史靖 Shinobu Yaguchi ,ftp://ygdy8:ygdy8@yg90.dydytt.net:7059/阳光电影www.ygdy8.com.与我跳舞.BD.1080p.日语中字.mkv
帕瓦罗蒂/巴伐洛堤: 歌剧人生(港)/帕瓦罗蒂：世纪男高音(台) ,Pavarotti ,2019 ,"英国,美国 ",纪录片 / 音乐 / 传记 ,英语 ,中英双字幕 ,2019-06-07(美国) ,8.3/10 from 723 users ,1920 x 1080 ,1.98 GB ,115分钟 ,朗·霍华德 Ron Howard ,ftp://ygdy8:ygdy8@yg39.dydytt.net:5006/阳光电影www.ygdy8.com.帕瓦罗蒂.BD.1080p.中英双字幕.mkv
失踪/Missing ,失蹤 ,2019 ,中国香港 ,剧情/悬疑 ,粤语/普通话 ,中文 ,2019-11-14(中国香港) ,8.3/10 from 723 users ,1920 x 1080 ,1.63 GB ,85分钟 ,赵罗尼 ,ftp://ygdy8:ygdy8@yg18.dydytt.net:6006/阳光电影www.ygdy8.com.失踪.BD.1080p.国粤双语中字.mkv
不义之战/辣警霸王花2/辣警霸王花2不义之战 ,Special Female Force II ,2019 ,中国香港 ,剧情 / 动作 ,粤语/普通话 ,中文 ,2019-09-26(中国香港) ,8.3/10 from 723 users ,1920 x 1080 ,1.66 GB ,96分钟 ,李志伦 Jacky Lee ,ftp://ygdy8:ygdy8@yg18.dydytt.net:5004/阳光电影www.ygdy8.com.不义之战.HD.1080p.国粤双语中字.mkv
哈莉·奎因：猛禽小队/猛禽小队/猛禽小队：小丑女大解放(台)/猛禽小队(以及一个哈莉·奎茵的奇妙解放)/猛禽小队与哈莉·奎茵的奇妙解放/猛禽小队和哈莉·奎茵/猛禽暴队：解疯小丑女(港) ,Harley Quinn: Birds of Prey/Birds of Prey/Birds of Prey (And the Fantabulous Emancipation of One Harley Quinn) ,2020 ,美国 ,动作 / 犯罪 / 冒险 ,英语 ,中英双字幕 ,2020-02-07(美国) ,"6.6/10 from 6,312 users ",1920 x 1080 ,1.88 GB ,109分钟 ,阎羽茜 Cathy Yan ,ftp://ygdy8:ygdy8@yg18.dydytt.net:4011/阳光电影www.ygdy8.com.哈莉·奎因：猛禽小队.HD.1080p.韩版中英双字.mkv
黑色圣诞节/圣诞大凶日(港)/黑色圣诞 ,Black Christmas ,2019 ,美国/新西兰 ,悬疑 / 惊悚 / 恐怖 ,英语 ,中英双字幕 ,2019-12-13(美国) ,3.7/10 from 303 users ,1920 x 1080 ,1.59 GB ,92分钟 ,索菲亚·塔卡尔 Sophia Takal ,ftp://ygdy8:ygdy8@yg39.dydytt.net:6012/阳光电影www.ygdy8.com.黑色圣诞节.BD.1080p.中英双字幕.mkv
理查德·朱维尔的哀歌/李察朱威尔事件(台)/李察朱维尔：惊世疑案(港)/理查德·朱厄尔/理查德·朱厄尔的悲歌/理查德·朱厄尔的歌谣/理查德·朱维尔的歌谣/理查德·杰威尔的歌谣/美国噩梦 ,Richard Jewell/American Nightmare/American Nightmare: The Ballad of Richard Jewell/The Ballad of Richard Jewell ,2019 ,美国 ,剧情 ,英语 ,中英双字幕 ,2019-11-20(AFI Fest) / 2019-12-13(美国) / 2020-01-10(中国大陆) ,"8.3/10 from 36,874 users ",1920 x 1080 ,2.27 GB ,131分钟 ,克林特·伊斯特伍德 Clint Eastwood ,ftp://ygdy8:ygdy8@yg18.dydytt.net:3012/阳光电影www.ygdy8.com.理查德·朱维尔的哀歌.BD.1080p.中英双字幕.mkv
The Wild Goose Lake ,南方车站的聚会/野鹅塘/野鹅湖 ,2019 ,"中国大陆,法国 ",剧情/犯罪 ,武汉方言 ,中文 ,2019-05-18(戛纳电影节) / 2019-12-06(中国大陆) ,"7.4/10 from 201,756 users ",1920 x 1012 ,1.93 GB ,113分钟 ,刁亦男 Yi'nan Diao ,ftp://ygdy8:ygdy8@yg90.dydytt.net:6009/阳光电影www.ygdy8.com.南方车站的聚会.HD.1080p.国语中字.mkv
恶棍/菜鸟罪犯与秘密地下室 ,Villains ,2019 ,美国 ,惊悚/剧情/喜剧/恐怖 ,英语 ,中英双字幕 ,2019-03-09(西南偏南电影节) / 2019-09-20(美国) ,5.4/10 from 674 users ,1920 x 1080 ,1.68 GB ,88分钟 ,丹·伯克 Dan Berk ,ftp://ygdy8:ygdy8@yg39.dydytt.net:7011/阳光电影www.ygdy8.com.恶棍.BD.1080p.中英双字幕.mkv
隐秘的生活/拉黛贡德/隐藏的生活(台) ,A Hidden Life/Radegund ,2019 ,"德国,美国 ",剧情 / 爱情 / 传记 / 战争 ,"英语,德语,意大利语 ",中英双字幕 ,2019-05-19(戛纳电影节) / 2019-12-13(美国) ,"7.9/10 from 2,227 users ",1920 x 1080 ,2.9 GB ,173分钟(戛纳电影节) ,泰伦斯·马力克 Terrence Malick ,ftp://ygdy8:ygdy8@yg18.dydytt.net:4010/阳光电影www.ygdy8.com.隐秘的生活.BD.1080p.中英双字幕.mkv
航海王：狂热行动/海贼王：狂热行动/航海王：夺宝争霸战(台) ,ONE PIECE STAMPEDE ,2019 ,日本 ,动画 / 冒险 ,日语 ,中文 ,2019-08-09(日本) / 2019-10-18(中国大陆) ,"7.7/10 from 68,964 users ",1920 x 1080 ,1.5 GB ,101分钟 ,大塚隆史 Takashi Otsuka ,ftp://ygdy8:ygdy8@yg39.dydytt.net:4012/阳光电影www.ygdy8.com.航海王：狂热行动.BD.1080p.日语中字.mkv
勇敢者游戏2：再战巅峰/Jumanji 2/勇敢者游戏2/勇敢者游戏4/新勇敢者的游戏2/逃出魔幻纪：霸气升呢(港)/野蛮游戏：全面晋级(台) ,Jumanji: The Next Level ,2019 ,美国 ,喜剧 / 动作 / 奇幻 / 冒险 ,英语 ,中英双字幕 ,2019-12-06(中国大陆) / 2019-12-13(美国) ,"6.2/10 from 42,373 users ",1920 x 1080 ,2.28 GB ,122分钟 ,杰克·卡斯丹 Jake Kasdan ,ftp://ygdy8:ygdy8@yg39.dydytt.net:3015/阳光电影www.ygdy8.com.勇敢者游戏2：再战巅峰.BD.1080p.国英双语双字.mkv
系统破坏者/萝莉破坏王(台) ,Systemsprenger/System Crasher ,2019 ,德国 ,剧情 ,德语 ,中英双字幕 ,2019-02-08(柏林电影节) / 2019-09-19(德国) ,"7.3/10 from 1,099 users ",1920 x 1080 ,2 GB ,118分钟 ,诺拉·芬沙伊德 Nora Fingscheidt ,ftp://ygdy8:ygdy8@yg18.dydytt.net:3011/阳光电影www.ygdy8.com.系统破坏者.BD.1080p.中英双字幕.mkv
最后一搏/终极衡量/钢铁勋章(台) ,The Last Full Measure ,2020 ,美国 ,剧情/战争 ,英语 ,中英双字幕 ,2020-01-24(美国) ,"6.5/10 from 1,131 users ",1920 x 1080 ,1.99 GB ,110分钟 ,托德·罗宾森 Todd Robinson ,ftp://ygdy8:ygdy8@yg39.dydytt.net:6011/阳光电影www.ygdy8.com.最后一搏.BD.1080p.中英双字幕.mkv
幼女战记 剧场版/谭雅战记 剧场版 ,幼女戦記 劇場版/Saga of Tanya the Evil Movie ,2019 ,日本 ,剧情 / 动画 / 战争 / 冒险 ,日语 ,中文 ,2019-02-08(日本) ,"7.6/10 from 1,633 users ",1920 x 1080 ,1.46 GB ,98分钟 ,上村泰 Yutaka Uemura ,ftp://ygdy8:ygdy8@yg18.dydytt.net:4009/阳光电影www.ygdy8.com.幼女战记剧场版.BD.1080p.日语中字.mkv
都柏林动物/动物们/禽兽 ,Animals ,2019 ,"英国,澳大利亚,爱尔兰 ",剧情/喜剧 ,英语 ,中英双字幕 ,2019-01-28(圣丹斯电影节) ,6.0/10 from 266 users ,1920 x 1080 ,1.82 GB ,109分钟(圣丹斯电影节) ,苏菲·海德 Sophie Hyde ,ftp://ygdy8:ygdy8@yg90.dydytt.net:8058/阳光电影www.ygdy8.com.都柏林动物.BD.1080p.中英双字幕.mkv
纽约的一个雨天/一个雨天，在纽约/情迷纽约下雨天(港)/纽约有雨/雨天·纽约(台) ,A Rainy Day in New York ,2019 ,美国 ,喜剧/爱情 ,英语 ,中英双字幕 ,2019-07-26(波兰) ,"7.5/10 from 35,398 users ",1920 x 1080 , GB ,92分钟 ,伍迪·艾伦 Woody Allen ,ftp://ygdy8:ygdy8@yg90.dydytt.net:6008/阳光电影www.ygdy8.com.纽约的一个雨天.BD.1080p.中英双字幕.mkv
我的A级秘密/你能守口如瓶吗? ,Can You Keep a Secret? ,2019 ,美国 ,喜剧 / 爱情 ,英语 ,中英双字幕 ,2019-09-13(美国) ,5.1/10 from 687 users ,1920 x 1080 , GB ,94分钟 ,Elise Duran ,ftp://ygdy8:ygdy8@yg39.dydytt.net:8011/阳光电影www.ygdy8.com.我的A级秘密.BD.1080p.中英双字幕.mkv
提托与鸟儿们/Tito不再恐懼鳥(港)/提托的鸟儿们 ,Tito e os Pássaros/Tito and the Birds ,2018 ,巴西 ,剧情 / 动作 / 动画 ,葡萄牙语 ,中英双字幕 ,2018-06-11(安锡动画电影节) ,6.7/10 from 78 users ,1920 x 1080 , GB ,73分钟 ,Gustavo Steinberg ,ftp://ygdy8:ygdy8@yg18.dydytt.net:6005/阳光电影www.ygdy8.com.提托与鸟儿们.BD.1080p.中英双字幕.mkv
利刃出鞘/上流谋杀案/亮剑/出鞘/神探白朗：福比利大宅谋杀案(港)/致命遗产/锋回路转(台) ,Knives Out ,2019 ,美国 ,剧情 / 喜剧 / 悬疑 / 犯罪 ,"英语,西班牙语 ",中英双字幕 ,2019-09-07(多伦多电影节) / 2019-11-27(美国) / 2019-11-29(中国大陆) ,"8.2/10 from 294,544 users ",1920 x 1040 ,2.47 GB ,130分钟 ,莱恩·约翰逊 Rian Johnson ,ftp://ygdy8:ygdy8@yg39.dydytt.net:7010/阳光电影www.ygdy8.com.利刃出鞘.BD.1080p.国英双语双字.mkv
半路枪手/腰间持枪 ,Guns Akimbo ,2019 ,"英国,德国,新西兰 ",喜剧 / 动作 ,英语 ,中英双字幕 ,2019-09-09(多伦多国际电影节) / 2020-02-28(美国) ,6.5/10 from 361 users ,1920 x 1080 ,1.76 GB ,95分钟 ,杰森·李·豪顿 Jason Lei Howden ,ftp://ygdy8:ygdy8@yg90.dydytt.net:7058/阳光电影www.ygdy8.com.半路枪手.BD.1080p.中英双字幕.mkv
尼帕病毒 ,Virus ,2019 ,印度 ,剧情/惊悚 ,马拉雅拉姆语 ,中文 ,2019-06-07(印度) ,5.8/10 from 183 users ,1920 x 1080 ,2.48 GB ,152分钟 ,Aashiq Abu ,ftp://ygdy8:ygdy8@yg18.dydytt.net:4008/阳光电影www.ygdy8.com.尼帕病毒.BD.1080p.中字.mkv
原钻/未切割宝石/未切割的宝石/未切割的钻石/未成大器/未琢之石(豆友译名) ,Uncut Gems ,2019 ,美国 ,悬疑/剧情/犯罪 ,英语 ,中英双字幕 ,2019-08-30(特柳赖德电影节) / 2019-12-25(美国) / 2020-01-31(Netflix) ,"7.3/10 from 15,498 users ",1920 x 1080 ,2.25 GB ,135分钟 ,本·萨弗迪 Ben Safdie ,ftp://ygdy8:ygdy8@yg18.dydytt.net:3010/阳光电影www.ygdy8.com.原钻.BD.1080p.中英双字幕.mkv
所有明亮的地方/生命中的灿烂时光（港/台） ,All the Bright Places ,2020 ,美国 ,剧情 / 爱情 ,英语 ,中英双字幕 ,2020-02-28(美国) ,7.0/10 from 187 users ,1920 x 1080 ,1.8 GB ,107分钟 ,布雷特·海利 Brett Haley ,ftp://ygdy8:ygdy8@yg90.dydytt.net:6007/阳光电影www.ygdy8.com.所有明亮的地方.BD.1080p.中英双字幕.mkv
燃烧女子的肖像/年轻女孩的肖像画/浴火女孩肖像画/浴火的少女画像(港)/火吻女孩的肖像/烧女图 ,Portrait de la jeune fille en feu/Portrait of a Lady on Fire ,2019 ,法国 ,剧情/同性/历史 ,"法语,意大利语 ",中英双字幕 ,2019-05-19(戛纳电影节)/2019-09-18(法国) ,"8.6/10 from 45,779 users ",1920 x 1040 ,2.05 GB ,120分钟 ,瑟琳·席安玛 Céline Sciamma ,ftp://ygdy8:ygdy8@yg18.dydytt.net:6004/阳光电影www.ygdy8.com.燃烧女子的肖像.BD.1080p.中英双字幕.mkv
死寂逃亡/寂静杀机(台)/收声刹(港) ,The Silence ,2019 ,"德国,美国 ",恐怖/惊悚 ,英语 ,中英双字幕 ,2019-04-10(美国) / 2019-08-30(中国大陆) ,"5.3/10 from 13,966 users ",1920 x 1080 , GB ,90分钟 ,约翰·R·莱昂耐迪 John R. Leonetti ,ftp://ygdy8:ygdy8@yg90.dydytt.net:8057/阳光电影www.ygdy8.com.死寂逃亡.BD.1080p.国英双语双字.mkv
继任蝰蛇 ,Inherit the Viper ,2019 ,美国 ,剧情 / 惊悚 / 犯罪 ,英语 ,中英双字幕 ,2019-09-28(苏黎世电影节) / 2020-01-10(美国) ,"5.3/10 from 13,966 users ",1920 x 1080 ,1.51 GB ,90分钟 ,Anthony Jerjen ,ftp://ygdy8:ygdy8@yg18.dydytt.net:7009/阳光电影www.ygdy8.com.继任蝰蛇.BD.1080p.中英双字幕.mkv
腐败/犯罪危城(台) ,The Corrupted ,2019 ,英国 ,惊悚 / 犯罪 ,英语 ,中英双字幕 ,2019-05-10(英国) ,"5.3/10 from 13,966 users ",1920 x 1080 ,1.79 GB ,90分钟 ,Ron Scalpello ,ftp://ygdy8:ygdy8@yg39.dydytt.net:8010/阳光电影www.ygdy8.com.腐败.BD.1080p.中英双字幕.mkv
变身特工/伪装间谍/变身特务(台)/变雀特工(港)/百变间谍王/间谍伪装/飞鸽特工队/鸽中谍 ,Spies in Disguise ,2019 ,美国 ,喜剧 / 动作 / 科幻 / 动画 ,"英语,日语 ",中英双字幕 ,2019-12-04(加州首映) / 2019-12-25(美国) / 2020-01-03(中国大陆) ,"7.7/10 from 26,554 users ",1920 x 1080 ,1.51 GB ,102分钟 ,尼克·布鲁诺 Nick Bruno ,ftp://ygdy8:ygdy8@yg18.dydytt.net:4007/阳光电影www.ygdy8.com.变身特工.BD.1080p.中英双字幕.mkv
变身特工/伪装间谍/变身特务(台)/变雀特工(港)/百变间谍王/间谍伪装/飞鸽特工队/鸽中谍 ,Spies in Disguise ,2019 ,美国 ,喜剧 / 动作 / 科幻 / 动画 ,"英语,日语 ",中英双字幕 ,2019-12-04(加州首映) / 2019-12-25(美国) / 2020-01-03(中国大陆) ,"7.7/10 from 26,554 users ",1920 x 1080 ,1.51 GB ,102分钟 ,尼克·布鲁诺 Nick Bruno ,ftp://ygdy8:ygdy8@yg18.dydytt.net:4007/阳光电影www.ygdy8.com.变身特工.BD.1080p.中英双字幕.mkv
霹雳娇娃/新霹雳娇娃/查理的天使/神探俏嬌娃(港)/霹雳天使 ,Charlie's Angels ,2019 ,美国 ,动作/冒险 ,英语/国语 ,中英双字幕 ,2019-11-15(美国/中国大陆) ,"5.9/10 from 23,887 users ",1920 x 1080 ,2.15 GB ,119分钟 ,伊丽莎白·班克斯 Elizabeth Banks ,ftp://ygdy8:ygdy8@yg39.dydytt.net:6010/阳光电影www.ygdy8.com.霹雳娇娃.BD.1080p.国英双语双字.mkv
勇敢者游戏2：再战巅峰/Jumanji 2/勇敢者游戏2/勇敢者游戏4/新勇敢者的游戏2/逃出魔幻纪：霸气升呢(港)/野蛮游戏：全面晋级(台) ,Jumanji: The Next Level ,2019 ,美国 ,喜剧 / 动作 / 奇幻 / 冒险 ,英语 ,中英双字幕 ,2019-12-06(中国大陆) / 2019-12-13(美国) ,"6.2/10 from 42,373 users ",1920 x 1080 ,2 GB ,122分钟 ,杰克·卡斯丹 Jake Kasdan ,ftp://ygdy8:ygdy8@yg18.dydytt.net:3009/阳光电影www.ygdy8.com.勇敢者游戏2：再战巅峰.BD.1080p.中英双字幕.mkv
父亲的遗愿/他最后想要的东西/他的最后愿望/遗愿 ,The Last Thing He Wanted ,2020 ,美国 ,剧情 / 悬疑 / 惊悚 / 犯罪 ,英语 ,中英双字幕 ,2020-01-27(圣丹斯电影节) / 2020-02-21(美国网络) ,4.7/10 from 356 users ,1920 x 1080 ,1.9 GB ,115分钟 ,迪·里斯 Dee Rees ,ftp://ygdy8:ygdy8@yg90.dydytt.net:6006/阳光电影www.ygdy8.com.父亲的遗愿.BD.1080p.中英双字幕.mkv
丹麦之子 ,Sons of Denmark/Danmarks sonner ,2019 ,丹麦 ,惊悚/剧情 ,"丹麦语,阿拉伯语 ",中英双字幕 ,2019-01-24(鹿特丹电影节) ,6.8/10 from 251 users ,1920 x 1080 ,2 GB ,120分钟 ,乌拉·沙林 Ulaa Salim ,ftp://ygdy8:ygdy8@yg39.dydytt.net:7009/阳光电影www.ygdy8.com.丹麦之子.BD.1080p.中英双字幕.mkv
爆炸新闻/公正与平衡/性感炸弹/爆炸性丑闻(港)/重磅炸弹/重磅腥闻(台) ,Bombshell/Fair and Balanced ,2019 ,美国/加拿大 ,剧情/传记 ,英语 ,中英双字幕 ,2019-11-27(英国) / 2019-12-20(美国/加拿大) ,"7.0/10 from 12,869 users ",1920 x 1080 ,1.96 GB ,108分钟 ,杰伊·罗奇 Jay Roach ,ftp://ygdy8:ygdy8@yg18.dydytt.net:4006/阳光电影www.ygdy8.com.爆炸新闻.BD.1080p.中英双字幕.mkv
超人：红色之子/超人：赤子 ,Superman: Red Son ,2020 ,美国 ,科幻/动画 ,英语 ,中英双字幕 ,2020-02-25(美国) ,5.3/10 from 301 users ,1920 x 1080 ,1 GB ,84分钟 ,刘山姆 Sam Liu ,ftp://ygdy8:ygdy8@yg39.dydytt.net:8009/阳光电影www.ygdy8.com.超人：红色之子.BD.1080p.中英双字幕.mkv
对不起，我们错过了你 / 对不起，错过你(港) / 抱歉我们错过你了(台) ,Sorry We Missed You ,2019 ,英国 / 法国 / 比利时 ,剧情 ,英语 ,中英双字幕 ,2019-05-16(戛纳电影节) / 2019-11-01(英国) ,8.3/10 from 7576 users ,1920 x 1080 ,1.83 GB ,100分钟(戛纳电影节) ,肯·洛奇 Ken Loach ,ftp://ygdy8:ygdy8@yg39.dydytt.net:3014/阳光电影www.ygdy8.com.对不起，我们错过了你.BD.1080p.中英双字幕.mkv
恶之华 ,惡の華/The Flowers of Evil ,2019 ,日本 ,剧情 / 爱情 / 惊悚 ,日语 ,中文 ,2019-09-27(日本) ,5.1/10 from 833 users ,1920 x 1080 ,2.12 GB ,127分钟(日本) ,井口升 Noboru Iguchi ,ftp://ygdy8:ygdy8@yg90.dydytt.net:8056/阳光电影www.ygdy8.com.恶之花.BD.1080p.日语中字.mkv
