name,job_time,job_type,salary,pay_method,address,num,job_detail,salary_detail,job_time_detail,address_detail
陌陌电台招音频主播（20以下勿报）,工作时间：长期可做,主播,200 元/天,月结,北京,,因为音频需要相对安静的直播环境和每天3小时以上的时长 不能保证的请勿报名 谢谢配合<br/><br/>招募要求：<br/>0.音频电台主播是直播互动类 靠声音跟内容吸引用户互动关注然后付费的<br/>1.普通话非常标准 声音好听 萝莉音  少音 少御音 御姐音 王音等等<br/>2.有一定的基础 例如播音主持 汉语言 声乐等 相关专业 在其他类型的音频APP直播过等<br/>3.学历专科或者以上<br/><br/><br/>直播内容：<br/>1、音乐电台：翻唱（有声乐基础 ），分享音乐背后的故事等等 （单纯爱好请勿报名 需有基础）<br/>2、脱口秀：搞笑段子、新闻热评、电影影评人、新/星闻八卦等<br/>3、情感电台：情感故事，情感连线咨询、两性情感（阅历丰富 有一定的心理知识）等<br/><br/>直播时长 每天3-6小时。直播越稳定收益越高 偶尔玩玩的别来耽误时间了。<br/><br/>应聘的请主动联系招聘方微信 并按照要求语音回复消息 谢谢。<br/><br/>做长期根据个人直播时间跟直播时长保底工资平均时薪20起 目前稳定直播两个月后月直播时长100小时+的薪资都在8000+,['\n月结\xa0薪资:200元/天 \xa0  薪资待遇-可日结周结月结                                  '],"['', '', '不限时间地点，随时可做', '', '']",[]
零食水果订单分拣打包员,工作时间：全职工作,打包分拣,4k-6k 元/月,月结,昌平天通苑,,零食水果订单分拣打包员<br/>工作内容：负责店内订单的分拣、打包；货物的接收、上架；商品质量的关注等<br/>工作时间：<br/>早班：07:00-19:00<br/>中班：09:00-21:00<br/>晚班：20:00-08:00<br/>上六休一，轮休。<br/>工作要求：<br/>1、年龄18-35岁，身体健康（持有健康证）；<br/>2、为人细致、认真、能吃苦耐劳、有很强的责任心和团队意识；<br/>岗位职责：<br/>1、保证客户订单，按时按质量分拣出库；<br/>2、维护分区库存，保证分区库存准确；<br/>3、维护责任区域卫生；<br/>工资待遇：<br/>1.白班：底薪4000+计件提成+全勤200奖金<br/>2.夜班：底薪4000+计件提成+夜班补助500元+全勤200奖金<br/>工作地点：全北京就近分配。,[],[],"['北京市昌平区太平庄东路国泰百货一层每日优鲜                            \n                            \xa0(\n                            北京市                            昌平                            )', '北京市朝阳区安慧北里秀园甲18号                            \n                            \xa0(\n                            北京市                            朝阳                            )', '北京市朝阳区延静里中街20号嘉信商务楼1楼每日优鲜                            \n                            \xa0(\n                            北京市                            朝阳                            )']"
斗米“微猎头”欢迎您的加入,工作时间：全职工作,招聘专员,5k-20k 元/月,月结,朝阳朝外,,《加入“微猎头”轻松赚外快》   随时有收入，兼职，全职皆可加入<br/><br/>【无限制，随时加入】<br/>各行各业，不限人群都可加入；无需要坐班，随时加入，时时赚钱；不收任何费用，赚钱都归自己；只需利用空暇时间，转发朋友圈或在线推荐报名我们的招聘职位，即可加入。<br/><br/>【赚钱容易，时时有收入】<br/>把有找工作需求的人推荐给我们，即可获得相应的奖金。您推荐的人员只要一直上班并产生利润，我们就会按时发放给您猎头奖金。<br/><br/>【结算快，天天有工资】<br/>根据不同项目计费要求，可以随时知道当前收入情况。猎头费用及时结算。,[],[],"['朝阳区                            \n                            \xa0(\n                            北京市                            朝阳                            )', '昌平区                            \n                            \xa0(\n                            北京市                            昌平                            )', '房山区                            \n                            \xa0(\n                            北京市                            房山                            )']"
高薪-公司配电动车-固定站点配送员,工作时间：全职工作,快递配送,8k-10k 元/月,月结,昌平天通苑,,高薪-公司配电动车-固定站点配送员<br/>工作内容：负责所属站点3公里以内的订单配送（都是小件，一次就可以拿20家）<br/>工作时间：9.00-23.00都可以<br/>工作地点：就近分配<br/>工作要求：不限，18-35岁。<br/>工资待遇:3000底薪+4元一单提成+超重+大额+远件 提成,[],[],"['北京市昌平区太平庄东路国泰百货一层每日优鲜                            \n                            \xa0(\n                            北京市                            昌平                            )', '北京市朝阳区安慧北里秀园甲18号                            \n                            \xa0(\n                            北京市                            朝阳                            )', '北京市朝阳区延静里中街20号嘉信商务楼1楼每日优鲜                            \n                            \xa0(\n                            北京市                            朝阳                            )']"
月薪6000生鲜超市分拣打包员招聘,工作时间：全职工作,店员,5.9k-6.1k 元/月,月结,房山,,店员招聘<br/><br/>工作内容：<br/>1.将客户订单上的物品打包好等配送员来取！<br/>2.负责接货，上货，盘点等仓内日常运营工作！<br/>3.负责接听客户打进来的咨询以及投诉电话！<br/><br/>工作时间：<br/>早班：07:00-19:00<br/>中班：09:00-21:00<br/>晚班：20:00-08:00（夜班补助30元每天）<br/>轮休：上六休一<br/><br/>工作要求：<br/>1. 20-40岁，初高中以上学历，有仓库或零售工作经验优先<br/>2. 吃苦耐劳，能接受较强的工作压力；工作认真负责。<br/>3. 能适应轮班和夜班的工作安排及主管的其他任务安排<br/><br/>工资待遇：2600元底薪+2480元绩效+900元综合补助<br/><br/>工作地点 ：全北京就近分配,[],[],"['北京市房山区广阳新 路7号院1号楼1层                            \n                            \xa0(\n                            北京市                            房山                            )', '北京市丰台区万丰路300号4号楼西侧106房                            \n                            \xa0(\n                            北京市                            朝阳                            )', '北京市丰台区大红门西路4号4幢1层102-1                            \n                            \xa0(\n                            北京市                            丰台                            )']"
上保险（就近分配）高薪生鲜超市APP推广,工作时间：长期可做,地推拉访,400 元/天,月结,房山,,王牌职位--超高薪--铁军APP推广员<br/><br/>生鲜超市APP推广<br/>工作内容：在工作的站点附近通过赠送礼品的方式推广APP。<br/>工作时间：9.00-19.00<br/>工作地点：全北京就近分配！<br/>工作要求：不限，踏实肯干，吃苦耐劳<br/>工资待遇：100元底薪+8元---14元 一单提成，轻轻松松月入过万不是梦！,['\n月结\xa0薪资:400元/天 \xa0  薪资待遇-100元底薪+8元-14元一单提成                                 '],"['2019年12月08日', '', '', '09:00-19:00', '', '2020年12月08日', '']","['房山长阳站                            \n                            \xa0(\n                            北京市                            房山                            )', '七里庄站                            \n                            \xa0(\n                            北京市                            丰台                            )', '大红门站                            \n                            \xa0(\n                            北京市                            丰台                            )']"
配送站 餐食区域 打包员,工作时间：全职工作,打包分拣,5.8k-6.5k 元/月,月结,昌平天通苑,,"配送站 餐食区域 负责人<br/><br/>工作内容：将顾客订单上的餐食经过加热，搅拌等简单工序后 打包好，等配送员来取就行了。<br/>1.负麦店铺临期食品检查,盘点,做好食品安全,防损工作<br/>2.负麦店铺食品的备货、补货、制作、报损工作<br/>3.负麦店铺理货、整理货柜工作<br/>4.负麦店铺日常清洁工作<br/>职位要求<br/>1.认同公司企业文化,思想统一<br/>2.年龄18-35岁,身体健康<br/>3.接受店长的安排的工作岗位,接受倒班制可以上早班(5:30-6:00上)或晚班(23:00-23:30<br/>下),服从分配<br/>工资待遇：3000元底薪+1000元补贴+0-1800元提成",[],[],"['北京-北京-昌平-天通苑-北京市昌平区太平庄东路国泰百货一层每日优鲜                            \n                            \xa0(\n                            北京市                            昌平                            )', '北京-北京-朝阳-大屯-北京市朝阳区安慧北里秀园甲18号                            \n                            \xa0(\n                            北京市                            朝阳                            )', '北京-北京-朝阳-红庙-北京市朝阳区延静里中街20号嘉信商务楼1楼每日优鲜                            \n                            \xa0(\n                            北京市                            朝阳                            )']"
知名生鲜超市 就近分配  分拣打包员,工作时间：全职工作,店员,5.9k-6.1k 元/月,月结,房山,,店员招聘<br/><br/>工作内容：<br/>1.将客户订单上的物品打包好等配送员来取！<br/>2.负责接货，上货，盘点等仓内日常运营工作！<br/>3.负责接听客户打进来的咨询以及投诉电话！<br/><br/>工作时间：<br/>早班：07:00-19:00<br/>中班：09:00-21:00<br/>晚班：20:00-08:00（夜班补助30元每天）<br/>轮休：上六休一<br/><br/>工作要求：<br/>1. 20-40岁，初高中以上学历，有仓库或零售工作经验优先<br/>2. 吃苦耐劳，能接受较强的工作压力；工作认真负责。<br/>3. 能适应轮班和夜班的工作安排及主管的其他任务安排<br/><br/>工资待遇：2600元底薪+2480元绩效+900元综合补助<br/><br/>工作地点 ：全北京就近分配,[],[],"['北京市房山区广阳新 路7号院1号楼1层                            \n                            \xa0(\n                            北京市                            房山                            )', '北京市丰台区万丰路300号4号楼西侧106房                            \n                            \xa0(\n                            北京市                            朝阳                            )', '北京市丰台区大红门西路4号4幢1层102-1                            \n                            \xa0(\n                            北京市                            丰台                            )']"
就近分配生鲜超市店员招聘,工作时间：全职工作,店员,5.9k-6.1k 元/月,月结,房山,,生鲜超市店员招聘<br/><br/>工作内容：<br/>1.将客户订单上的物品打包好等配送员来取！<br/>2.负责接货，上货，盘点等仓内日常运营工作！<br/>3.负责接听客户打进来的咨询以及投诉电话！<br/><br/>工作时间：<br/>早班：07:00-19:00<br/>中班：09:00-21:00<br/>晚班：20:00-08:00（夜班补助30元每天）<br/>轮休：上六休一<br/><br/>工作要求：<br/>1. 20-40岁，初高中以上学历，有仓库或零售工作经验优先<br/>2. 吃苦耐劳，能接受较强的工作压力；工作认真负责。<br/>3. 能适应轮班和夜班的工作安排及主管的其他任务安排<br/><br/>工资待遇：2600元底薪+2480元绩效+900元综合补助<br/><br/>工作地点 ：全北京就近分配,[],[],"['北京市房山区广阳新 路7号院1号楼1层                            \n                            \xa0(\n                            北京市                            房山                            )', '北京市丰台区万丰路300号4号楼西侧106房                            \n                            \xa0(\n                            北京市                            朝阳                            )', '北京市丰台区大红门西路4号4幢1层102-1                            \n                            \xa0(\n                            北京市                            丰台                            )']"
北京朝阳区盒马鲜生配送（免费保险电动车）,工作时间：全职工作,快递配送,10k-15k 元/月,月结,东城,,"免费提供电动车生鲜连锁超市配送员<br/>工作内容：负责自己工作的店面周边1.5公里的订单配送！<br/>工作时间:7:00-20:00,8.00-21:00，上六休一！<br/>工资待遇：9200元以上每月（需要完成1800单任务量）底薪+4.9-7.3元/单提成<br/>工作地点：全北京就近分配！！<br/>工作要求：20-40岁以内，会骑电动车。！！<br/>员工福利：<br/>1.免费保险<br/>2.免费提供电动车<br/>3.节假日福利和不定期员工关怀！",[],[],"['北京百荣世贸店配送站                            \n                            \xa0(\n                            北京市                            东城                            )', '北京崇文门新世界店配送站                            \n                            \xa0(\n                            北京市                            东城                            )', '北京大成店站                            \n                            \xa0(\n                            北京市                            西城                            )']"
包吃住高薪太二酸菜鱼服务员,工作时间：全职工作,服务员,4.7k-5.2k 元/月,月结,朝阳大望路,,招聘岗位：店小二（）；迎宾（）<br/>招聘岗位：前厅店小二<br/>岗位职责：<br/>1.  提供最佳顾客服务和用餐体验；<br/>2.  服从店长的工作安排。<br/>任职要求：<br/>1.   16岁以上，中专及以上学历；<br/>2.   身体健康，学习能力强；<br/>3.   当得了神神，有逗B潜力；<br/>4.   外向，话唠有个性或特长优先（如街舞、乐器、美术等）；<br/>5.   身高必须： 生>172  生>162。<br/>薪资：<br/>均薪：4700/月，两个月后开始晋升加薪。<br/>福利；月休五天，包吃包住，每季度欢乐活动，快速晋升等。<br/>工作时间：早十-晚十，中午有休息<br/>入职全部购买四险，无一金，无养老险。<br/>太二酸菜鱼：前厅迎宾<br/>岗位职责：<br/>1.  提供最佳顾客服务和用餐体验；<br/>2.  服从店长的工作安排。<br/>任职要求：<br/>1.   16岁以上，中专及以上学历；<br/>2.   身体健康，学习能力强；<br/>3.   当得了神，有逗B潜力；<br/>4.   外向，话唠有个性或特长优先（如街舞、乐器、美术等）；<br/>5.   身高  生>162。<br/>均薪：5200/月<br/>福利：月休五天，包吃包住，每季度欢乐活动，快速晋升，迎宾补贴等。<br/>入职全部购买四险，无一金，无养老险。,[],[],"['太二老坛子酸菜鱼(华贸购物中心店)                            \n                            \xa0(\n                            北京市                            朝阳                            )', '太二酸菜鱼(王府井APM店)                            \n                            \xa0(\n                            北京市                            东城                            )', '太二酸菜鱼(北京大兴龙湖天街店)                            \n                            \xa0(\n                            北京市                            大兴                            )']"
重磅！月薪过万，就近分配 APP推广员,工作时间：全职工作,实习生,8k-20k 元/月,月结,房山,,轻松月薪过万名企！<br/>生鲜配送站点  APP推广！<br/>工作内容：在工作的站点附近通过赠送礼品的方式生鲜超市推广APP。<br/>工作时间：9.00-19.00<br/>工作地点：全北京就近分配！！<br/>工作要求：不限，踏实肯干，吃苦耐劳<br/>工资待遇：3000元底薪+12元---14元 一单提成，综合工资8K-20K！,[],[],"['房山长阳站                            \n                            \xa0(\n                            北京市                            房山                            )', '七里庄站                            \n                            \xa0(\n                            北京市                            丰台                            )', '大红门站                            \n                            \xa0(\n                            北京市                            丰台                            )']"
高薪美团买菜就近分配 打包分拣员,工作时间：全职工作,店员,6k-9k 元/月,月结,海淀中关村,,不对外营业 生鲜配送好站点 店员招聘<br/>工作内容：<br/>1.将客户订单上的物品打包好等配送员来取<br/>2.负责接货，上货，盘点<br/>3.负责接听客户打进来的咨询以及投诉电话<br/>工作时间：<br/>早班：07:00-19:00<br/>中班：09:00-21:00<br/>晚班：20:00-08:00（夜班补助30元每天）<br/>轮休：上六休一<br/>工作要求：<br/>1. 20-40岁，初高中以上学历，有仓库或零售工作经验优先<br/>2. 吃苦耐劳，能接受较强的工作压力；工作认真负责。<br/>3. 能适应轮班和夜班的工作安排及主管的其他任务安排<br/><br/><br/>工资待遇：2600元底薪+2480元绩效+900元房/餐补<br/>工作地点：全北京就近分配,[],[],"['豪柏大厦                            \n                            \xa0(\n                            北京市                            海淀                            )', '房山长阳站                            \n                            \xa0(\n                            北京市                            房山                            )', '七里庄站                            \n                            \xa0(\n                            北京市                            丰台                            )']"
全国招主播才艺者优先未成年不要报名,工作时间：长期可做,主播,500 元/天,月结,北京,,本公司有大型的管理团队 你只需要带着你的颜值才艺直播时长 其余的交给我们 全程辅助你成长<br/>第一种选择：YY平台兼职交友嘉宾主播:颜值中上 丑拒（颜值优秀者待遇可加） 性格开朗 有充裕自由时间 网络稳定 一部手机即可直播 工作地点不限，可在家直播， 试用期一周，试用期满按开播表现及开播时长制定底薪（每天要求时长4小时），底薪为3000-10000每月，月收益提成超出底薪按照实际收益发放。YY交友非常简单一个手机支架一部手机好的网络就OK<br/>第二种选择： YY，陌陌等平台全职才艺主播：颜值优秀有一定才艺 口齿伶俐。有固定的直播时间。在家即可直播 底薪4000-10000（每天直播4小时以上）全职是指拿直播作为唯一的工作 专心致志  士无才艺者勿扰,['\n月结\xa0薪资:500元/天 \xa0  薪资待遇-优秀者有保底 超出保底部分按照实际收益发放 待遇优厚  薪资有的可以日结有的月结根据平台要求来                                 '],"['', '', '不限时间地点，随时可做', '', '']",[]
北京斗米直招盒马鲜生就近分配营业员,工作时间：全职工作,营业员,4k-8k 元/月,月结,西城,,北京生鲜超市营业员6-8k元/月<br/>【工作内容】: 店内 烘焙、收银、拣货打包、切配等工作，工作环境好。高大上环境，与行业一流人才共事，共同进步<br/>【工作要求】: 40岁以下不限，需要有健康证，能吃苦耐劳，住的较近上班方便。<br/>【工作时间】: 早六晚十期间8小时排班制，<br/>【工作待遇】: 20元/小时，每月10号结算（准时靠谱）<br/>【工作地址】: 全北京就近分配,[],[],"['北京西城盒马鲜生(红莲店)                            \n                            \xa0(\n                            北京市                            西城                            )', '北京丰台角门马家堡北京丰台花乡盒马鲜生(资和信店)                            \n                            \xa0(\n                            北京市                            丰台                            )', '北京东城盒马鲜生(崇文门新世界店)                            \n                            \xa0(\n                            北京市                            东城                            )']"
单量多提供住宿车辆+8k-12k,工作时间：全职工作,送餐员,8k-12k 元/月,月结,海淀万柳,,18-45岁左右，品行端正，不限。<br/>薪资待遇：单量提成（8-12元不等）正常干6000---8000元/月努力干7000---9000元/月使劲干8000---10000元/月拼命干10000元/月以上（不封顶）年轻人嘛，连一个尝试的机会都不给自己，何提奋斗一说？上个月咱这三分之一的配送员薪资过万~<br/>【工作时间】早上10点-下午2点、下午5点-晚上9点。（注：规定时间内必须正常上岗，可自由加班）<br/>【工作地点】全北京可就近分配【其他福利】、1、提供食宿2.广阔的职业发展空间，优秀公司员工享受储备干部培养优先权！3、节假日公司都会聚餐狂欢，团结一心的人文文化，这就是你的第二个家！<br/>【任职资格】1、有无经验均可，只要你会骑电动车,[],[],"['海淀区                            \n                            \xa0(\n                            北京市                            海淀                            )', '昌平区                            \n                            \xa0(\n                            北京市                            昌平                            )', '顺义区                            \n                            \xa0(\n                            北京市                            顺义                            )']"
大型生鲜超市急招分拣打包,工作时间：全职工作,打包分拣,4k-8k 元/月,月结,朝阳东坝,,"理货员<br/>(1)配送员：<br/>超市免费为员工提供电动车（两组60V电瓶） 头盔，雨衣，冲锋衣，护膝等，做满半个月可预支生活费，有冲单奖，完成冲单奖相当7块一单，每天单量充足，平均每天40~60单，做六休一，7:00-2,0:00，8：00-21：00、早10:00-23:00也可以全月上班。<br/>岗位要求：4G手机自备 (并且能熟练操作导航系统)会骑电动车，有无经验均可。<br/>(2)分拣员，计件工资，入职第一月有保底工资，每拣一个单品0.21元，月工资6000~10000；<br/>(3)理货员：<br/>工作内容：（1）按照APP线上的订单，打包装箱。（2）其他相关辅助工作，如打包箱整理、工作区域清洁、支援盘<br/>(4)仓库理货：商品上架、商品陈列。<br/>岗位要求：能吃苦耐劳。8--10小时，做六休一；",[],[],"['金隅嘉品Mall                            \n                            \xa0(\n                            北京市                            朝阳                            )', '世纪金源购物中心                            \n                            \xa0(\n                            北京市                            海淀                            )', '龙域中心-B座                            \n                            \xa0(\n                            北京市                            昌平                            )']"
送餐员8k-15k配车住宿,工作时间：全职工作,送餐员,8k-13k 元/月,月结,朝阳朝外,,"1、入职要求：满18周岁以上，会骑电动车,会使用智能手机，会使用导航软件，没有法律前科<br/>2、上午10:00-14：00 下午17:00-21:00 自由安排休息或在商圈活动<br/>3、月工资7000-12000元，多劳多得，最低每单8--12元不封顶（绩效提成、早晚餐补贴、大额单补贴、高温补贴、好评奖、冲单奖等，这些奖励可直接APP提现）<br/>4、工装，餐箱，护具均由公司提供<br/>5、公司提供宿舍，也可以配车，吃饭补助一半。<br/>6、全北京就近分配(前期会有老员工带着熟悉区域和流程)<br/>7、晋升空间：<br/>送餐员--调度--站长--区域经理<br/>8、可直接电话预约面试<br/>公司欢迎有送餐员和快递员配送员经验的有志之士再次返航",[],[],"['朝阳区                            \n                            \xa0(\n                            北京市                            朝阳                            )', '丰台区                            \n                            \xa0(\n                            北京市                            丰台                            )', '海淀区                            \n                            \xa0(\n                            北京市                            海淀                            )']"
全北京就近分配时间自由直招骑手,工作时间：全职工作,送餐员,8k-13k 元/月,月结,朝阳朝外,,"1、入职要求：满18周岁以上，会骑电动车,会使用智能手机，会使用导航软件，没有法律前科<br/>2、上午10:00-14：00 下午17:00-21:00 自由安排休息或在商圈活动<br/>3、月工资7000-12000元，多劳多得，最低每单8--12元不封顶（绩效提成、早晚餐补贴、大额单补贴、高温补贴、好评奖、冲单奖等，这些奖励可直接APP提现）<br/>4、工装，餐箱，护具均由公司提供<br/>5、公司提供宿舍，也可以配车，吃饭补助一半。<br/>6、全北京就近分配(前期会有老员工带着熟悉区域和流程)<br/>7、晋升空间：<br/>送餐员--调度--站长--区域经理<br/>8、可直接电话预约面试<br/>公司欢迎有送餐员和快递员配送员经验的有志之士再次返航",[],[],"['朝阳区                            \n                            \xa0(\n                            北京市                            朝阳                            )', '丰台区                            \n                            \xa0(\n                            北京市                            丰台                            )', '海淀区                            \n                            \xa0(\n                            北京市                            海淀                            )']"
急聘送餐员、提供吃住、配车8K-13k,工作时间：全职工作,送餐员,8k-13k 元/月,月结,东城,,公司高薪急聘骑手<br/>1、工作时间：10：00——14：00，17：00——21：00（可以适当调休。时间自由，工作简单）<br/>2、工作职责：通过骑手APP接单，安全、准时、准确将客户订购的餐品送达客户手中<br/>3、福利待遇：单量提成，综合单价8-15元，正常全职骑手配送单量可达40—80单/天，综合工资7500-15000，公司系 统派单，派单合理公平，单量充足，配送范围3公里之内，新人入职有老员工带你熟悉餐厅熟悉地理位置<br/>4、公司提供住宿，提供电动车，APP里面每天都有奖励零花钱进账，随时提现到账，吃饭买水，偶尔撸串啤酒都没问题。<br/>5、面试请携带本人身份证、银行卡和两张白底一寸照片，有健康证带上健康证，面试成功直接签订合同办理入职，安排宿舍，有意向可直接电话联系我,[],[],"['东城                            \n                            \xa0(\n                            北京市                            东城                            )', '西城                            \n                            \xa0(\n                            北京市                            西城                            )', '崇文                            \n                            \xa0(\n                            北京市                            朝阳                            )']"
8k+提点高+提供住宿车辆,工作时间：全职工作,送餐员,8k-12k 元/月,月结,海淀万柳,,1、通过团队版APP接单，安全、准时、准确将客户订购的餐品送达客户手中<br/>2、工资全部是提成：综合每单7-12元，平均工资8000-15000正常全职骑手每天单量40—60单，本工作属多劳多得3、公司提供住宿、吃饭去指定的合作餐厅打5-7折<br/>4、年龄18—50周岁，不限，身体健康，无传染性疾病，<br/>5、会骑电动车，懂得交通法规，会使用智能手机，无法律前科；<br/>6、有无经验均可，只要踏实肯干，全程免费培训，有人教有人带。<br/>7、工作时间：10：00——14：00，17：00——21：00，8小时工作制（可以适当调休。时间自由，工作简单）<br/>8、公司系统派单，派单合理公平，单量充足，配送范围3公里之内<br/>9、有意向可直接电话联系到公司了解，当天可直接办理入职，安排宿舍<br/>10、入职请携带本人身份证、银行卡和两张白底一寸照片，有健康证带上健康证,[],[],"['海淀区                            \n                            \xa0(\n                            北京市                            海淀                            )', '昌平区                            \n                            \xa0(\n                            北京市                            昌平                            )', '朝阳区                            \n                            \xa0(\n                            北京市                            朝阳                            )']"
送餐员 提供住宿 保险 提供车 就近分配,工作时间：全职工作,送餐员,8k-13k 元/月,月结,东城东四,,"1、入职要求：满18周岁以上，会骑电动车,会使用智能手机，会使用导航软件，没有法律前科<br/>2、上午10:00-14：00 下午17:00-21:00 自由安排休息或在商圈活动<br/>3、月工资7000-12000元，多劳多得，最低每单8--12元不封顶（绩效提成、早晚餐补贴、大额单补贴、高温补贴、好评奖、冲单奖等，这些奖励可直接APP提现）<br/>4、工装，餐箱，护具均由公司提供<br/>5、公司提供宿舍，也可以配车，吃饭补助一半。<br/>6、全北京就近分配(前期会有老员工带着熟悉区域和流程)<br/>7、晋升空间：<br/>送餐员--调度--站长--区域经理<br/>8、可直接电话预约面试<br/>公司欢迎有送餐员和快递员配送员经验的有志之士再次返航",[],[],"['东城区                            \n                            \xa0(\n                            北京市                            东城                            )', '西城区                            \n                            \xa0(\n                            北京市                            西城                            )', '朝阳区                            \n                            \xa0(\n                            北京市                            朝阳                            )']"
送餐员提供车住宿8k-13k有保险,工作时间：全职工作,送餐员,8k-13k 元/月,月结,东城,,1、通过团队版APP接单，安全、准时、准确将客户订购的餐品送达客户手中<br/>2、工资全部是提成：综合每单8-12元，平均工资8000-15000<br/>正常全职骑手每天单量40—60单，本工作属多劳多得<br/>3、公司提供住宿、吃饭去指定的合作餐厅打5-7折<br/>4、年龄18—50周岁，不限，身体健康，无传染性疾病，<br/>5、会骑电动车，懂得交通法规，会使用智能手机，无法律前科；<br/>6、有无经验均可，只要踏实肯干，全程免费培训，有人教有人带。<br/>7、工作时间：10：00——14：00，17：00——21：00，8小时工作制（可以适当调休。时间自由，工作简单）<br/>8、公司系统派单，派单合理公平，单量充足，配送范围3公里之内<br/>9、有意向可直接电话联系到公司了解，当天可直接办理入职，安排宿舍<br/>10、入职请携带本人身份证、银行卡和两张白底一寸照片，有健康证带上健康证,[],[],"['东城                            \n                            \xa0(\n                            北京市                            东城                            )', '西城                            \n                            \xa0(\n                            北京市                            西城                            )', '崇文                            \n                            \xa0(\n                            北京市                            朝阳                            )']"
包吃住4-5k聘服务员、后厨打杂,工作时间：全职工作,服务员,4k-5k 元/月,月结,大兴黄村,,包吃住就近分配连锁餐饮店<br/>【招聘职位】：服务员/面点师/煮锅师/配菜打荷/洗碗工/厨师<br/>【人员要求】：服务员18-35岁，其他岗位18-45岁，不限，稳定踏实<br/>【上班时间】：9-10小时排班；中间有休息时间；上六休一<br/>【薪资福利】：均薪前两个月4000；后期4000+绩效；包吃住；岗位不同薪资不同，技术岗后期涨薪；<br/>【招聘门店】：就近分配,[],[],"['大兴                            \n                            \xa0(\n                            北京市                            大兴                            )', '房山                            \n                            \xa0(\n                            北京市                            房山                            )', '亦庄                            \n                            \xa0(\n                            北京市                            大兴                            )']"
送餐员，就近分配，配车，提供住宿,工作时间：全职工作,送餐员,8k-13k 元/月,月结,东城东四,,"1、入职要求：满18周岁以上，会骑电动车,会使用智能手机，会使用导航软件，没有法律前科<br/>2、上午10:00-14：00 下午17:00-21:00 自由安排休息或在商圈活动<br/>3、月工资7000-12000元，多劳多得，最低每单8--12元不封顶（绩效提成、早晚餐补贴、大额单补贴、高温补贴、好评奖、冲单奖等，这些奖励可直接APP提现）<br/>4、工装，餐箱，护具均由公司提供<br/>5、公司提供宿舍，也可以配车，吃饭补助一半。<br/>6、全北京就近分配(前期会有老员工带着熟悉区域和流程)<br/>7、晋升空间：<br/>送餐员--调度--站长--区域经理<br/>8、可直接电话预约面试<br/>公司欢迎有送餐员和快递员配送员经验的有志之士再次返航",[],[],"['东城区(北京市东城)                            \n                            \xa0(\n                            北京市                            东城                            )', '西城区(北京市西城)                            \n                            \xa0(\n                            北京市                            西城                            )', '朝阳区(北京市朝阳)                            \n                            \xa0(\n                            北京市                            朝阳                            )']"
全北京就近分配直招送餐员,工作时间：全职工作,送餐员,8k-15k 元/月,月结,朝阳朝外,,"1、入职要求：满18周岁以上，会骑电动车,会使用智能手机，会使用导航软件，没有法律前科<br/>2、上午10:00-14：00 下午17:00-21:00 自由安排休息或在商圈活动<br/>3、月工资8000-15000元，多劳多得，最低每单8--12元不封顶（绩效提成、早晚餐补贴、大额单补贴、高温补贴、好评奖、冲单奖等，这些奖励可直接APP提现）<br/>4、工装，餐箱，护具均由公司提供<br/>5、公司提供宿舍，也可以配车，吃饭补助一半。<br/>6、全北京就近分配(前期会有老员工带着熟悉区域和流程)<br/>7、晋升空间：<br/>送餐员--调度--站长--区域经理<br/>8、可直接电话预约面试<br/>公司欢迎有送餐员和快递员配送员经验的有志之士再次返航",[],[],"['朝阳区                            \n                            \xa0(\n                            北京市                            朝阳                            )', '大兴区                            \n                            \xa0(\n                            北京市                            大兴                            )', '海淀区                            \n                            \xa0(\n                            北京市                            海淀                            )']"
送餐员就近分配8k-13k,工作时间：全职工作,送餐员,8k-13k 元/月,月结,朝阳朝外,,"1、入职要求：满18周岁以上，会骑电动车,会使用智能手机，会使用导航软件，没有法律前科<br/>2、上午10:00-14：00 下午17:00-21:00 自由安排休息或在商圈活动<br/>3、月工资7000-12000元，多劳多得，最低每单8--12元不封顶（绩效提成、早晚餐补贴、大额单补贴、高温补贴、好评奖、冲单奖等，这些奖励可直接APP提现）<br/>4、工装，餐箱，护具均由公司提供<br/>5、公司提供宿舍，也可以配车，吃饭补助一半。<br/>6、全北京就近分配(前期会有老员工带着熟悉区域和流程)<br/>7、晋升空间：<br/>送餐员--调度--站长--区域经理<br/>8、可直接电话预约面试<br/>公司欢迎有送餐员和快递员配送员经验的有志之士再次返航",[],[],"['朝阳区                            \n                            \xa0(\n                            北京市                            朝阳                            )', '丰台区                            \n                            \xa0(\n                            北京市                            丰台                            )', '海淀区                            \n                            \xa0(\n                            北京市                            海淀                            )']"
餐厅服务员144一天,工作时间：长期可做,服务员,18 元/小时,月结,东城和平里,,岗位1、小时工，18/小 时，根据店里需求安排8-10小时，法定节假日36/小时，管吃。<br/><br/>岗位2、只做周六、日长期兼职每天8小时，110元/天（周六日兼职超过8小时，工资按照1.5倍计算）<br/><br/>岗位要求：不限，18-40岁之间不显老就行，需要有良好的服务态度，需要持健康证上岗，凭条不可以<br/><br/>工作时间：9:00-15:00&17:00-22:00之间安排8-10个小时排班，上六休一<br/>工作内容：盯桌，收桌，从后厨上菜等，简单轻松，中间有休息时间<br/><br/>工资结算：每个月15号结发上个月工资<br/><br/>工作地点：北京市内就近分配,['\n月结\xa0薪资:18元/小时 \xa0                                 '],"['2020年05月13日', '', '', '09:00-15:00', '', '17:00-22:00', '', '2020年12月31日', '']","['北京-北京-东城-和平里-学清路(北京市东城)                            \n                            \xa0(\n                            北京市                            东城                            )', '海淀-花园路(北京市海淀)                            \n                            \xa0(\n                            北京市                            海淀                            )', '上地(北京市海淀)                            \n                            \xa0(\n                            北京市                            海淀                            )']"
130元日结分拣扫描员,工作时间：05.13~06.20,其他,130 元/天,日结,顺义南法信,,临时工，日结130元每天，下班结账，夜班21：00-6：30，白班6：30-16：00，9小时130元，年龄18-48岁，主要负责分拣扫描，车接送，活特轻松。,['\n日结\xa0薪资:130元/天 \xa0  薪资待遇-9小时130元下班结账                                 '],"['2020年05月13日', '', '', '06:30-16:00', '', '2020年06月20日', '']",['南法信                            \n                            \xa0(\n                            北京市                            顺义                            )']
生鲜冻库直招分拣打包员,工作时间：全职工作,打包分拣,8k-10k 元/月,月结,顺义,,北京叮咚大仓<br/>【计件员工】：<br/><br/>打包员：保底4680+全勤100+计件（备注：保底与计件取大；综合薪资6000-8000）<br/>分拣员：保底4680+全勤100+计件（备注：保底与计件取大；综合薪资7000-8000）<br/>冷库员工工资会高些，综合薪资基本能拿到9000-10000（备注：冷库低温补贴400每月）<br/><br/>特别提醒：计件员工保底4680，是保底和最终的计件取大，不让让员工引起误会，防止一些员工过来混保底！！！<br/><br/>【非计件员工】：<br/>基本工资3000+补贴1200+绩效2500；综合薪资在6000-6500每月<br/><br/>备注：冷库工作员工，低温补贴400每月<br/>叉车岗位：初级高位叉车证500，中级1000，高级1500每月<br/><br/>【上班时间】：<br/><br/>蔬果仓：10:00 — 22:00<br/>冷藏仓：11:00 — 23:00<br/>冷冻仓：08:00 — 18:00<br/>百货仓：08:00 — 18:00<br/><br/>备注：上班时间为弹性时间（以上只是初期时间，后面肯定会有夜班，这个招聘时，一定要注意要能接受夜班），上下可能会有浮动，以现场安排为准。,[],[],['北京两横两竖供应链管理有限公司 北京市顺义区南彩镇李魏路与小营路交叉口西北                            \n                            \xa0(\n                            北京市                            顺义                            )']
急招地铁安检员辅警安保包吃住,工作时间：全职工作,安保,3.5k-6.5k 元/月,月结,顺义光明,,任职资格：<br/>18-40岁 不限   有无纹身、烟疤 有无犯罪记录<br/>工作时间：{每上两小时均休息半小时}<br/>大白班（上午6:30-下午5:00）<br/>小白班（上午8:30-下午5:00）<br/>大夜班（下午4:30-早上9:00）<br/>小夜班（下午4:30-晚上10:00）<br/>薪资待遇：{工资次月25发放、工商银行}<br/>8小时100元/12小时150元/16小时200元<br/>3000元/4500元/6000元,[],[],"['俸伯-地铁站                            \n                            \xa0(\n                            北京市                            顺义                            )', '房山区公安分局                            \n                            \xa0(\n                            北京市                            房山                            )', '旭辉·空港中心-A座                            \n                            \xa0(\n                            北京市                            顺义                            )']"
急招贴标签，分拣，日结,工作时间：05.13~05.29,临时工,130 元/天,日结,顺义南法信,,主要就是分拣，贴标签，工作轻松简单，不累,['\n日结\xa0薪资:130元/天 \xa0  薪资待遇-车接车送                                 '],"['2020年05月13日', '', '', '21:00-次日06:30', '', '2020年05月29日', '']",['南法信-地铁站                            \n                            \xa0(\n                            北京市                            顺义                            )']
配送员（360/天）包吃住,工作时间：全职工作,普工,5k-8k 元/月,月结,东城东四,,一、要求：<br/>1、年龄16-40周岁，不限.初中及以上学历；<br/>2、身体健康、不晕车、无犯罪记录；<br/>3、能吃苦耐劳、人品端正、能适应长期在外出差；<br/>4、退伍军人或有物流工作经验的优先；<br/>配送员薪资：<br/>1、短途：底薪6000元/月，综合工资6500/月，补贴100/天、负责郑州周边城市当天往返。<br/>2、长途：底薪8000/月；200/天补贴；综合8500/月；主要负责深圳、湖北等周边远距离送货；出差5/7天，回来休2-3天.<br/>岗位职责：<br/>1、负责指定线路内的物品送达，保证货物能够安全到达指定地点；<br/>2、负责所运载物品的监督、指挥装卸车（无须卸货），检查等工作，签收回执单；<br/>3、协助完成物品签收、产品确认等日常事务；<br/>4、协助完成每日的运输统计，监督司机送货途中是否有无故改变行程，拖延送货时间等情况；<br/>5、货物出现问题和客户进行相应的沟通和协商，不能解决时及时反应给公司相关品质工程师（IPQC）进行处理.,[],[],"['福华路(北京市东城)(北京市东城)(北京市东城)                            \n                            \xa0(\n                            北京市                            东城                            )', '福华三路(北京市东城)(北京市东城)(北京市东城)                            \n                            \xa0(\n                            北京市                            东城                            )', '益田路(北京市东城)(北京市东城)(北京市东城)                            \n                            \xa0(\n                            北京市                            东城                            )']"
就近分配 月薪6000分拣打包员,工作时间：全职工作,店员,6k-6.2k 元/月,月结,朝阳北苑,,月薪6000就近分配分拣打包 店员招聘<br/>工作内容：<br/>1.将客户订单上的物品打包好等配送员来取<br/>2.负责接货，上货，盘点，<br/>3.负责接听客户打进来的咨询以及投诉电话<br/>工作时间：<br/>早班：07:00-19:00<br/>中班：09:00-21:00<br/>晚班：20:00-08:00（夜班补助30元每天）<br/>轮休：上六休一<br/>工作要求：<br/>1. 20-40岁，初高中以上学历，有仓库或零售工作经验优先<br/>2. 吃苦耐劳，能接受较强的工作压力；工作认真负责。<br/>3. 能适应轮班和夜班的工作安排及主管的其他任务安排<br/><br/>工资待遇：2600元底薪+2480元绩效+900元房/餐补<br/>工作地点 ：全北京就近分配,[],[],"['北苑                            \n                            \xa0(\n                            北京市                            朝阳                            )', '联想桥                            \n                            \xa0(\n                            北京市                            海淀                            )', '枣园站                            \n                            \xa0(\n                            北京市                            大兴                            )']"
就近分配 月薪6000分拣打包员,工作时间：全职工作,店员,6k-6.2k 元/月,月结,朝阳北苑,,月薪6000就近分配分拣打包 店员招聘<br/>工作内容：<br/>1.将客户订单上的物品打包好等配送员来取<br/>2.负责接货，上货，盘点，<br/>3.负责接听客户打进来的咨询以及投诉电话<br/>工作时间：<br/>早班：07:00-19:00<br/>中班：09:00-21:00<br/>晚班：20:00-08:00（夜班补助30元每天）<br/>轮休：上六休一<br/>工作要求：<br/>1. 20-40岁，初高中以上学历，有仓库或零售工作经验优先<br/>2. 吃苦耐劳，能接受较强的工作压力；工作认真负责。<br/>3. 能适应轮班和夜班的工作安排及主管的其他任务安排<br/><br/>工资待遇：2600元底薪+2480元绩效+900元房/餐补<br/>工作地点 ：全北京就近分配,[],[],"['北苑                            \n                            \xa0(\n                            北京市                            朝阳                            )', '联想桥                            \n                            \xa0(\n                            北京市                            海淀                            )', '枣园站                            \n                            \xa0(\n                            北京市                            大兴                            )']"
全北京急聘滴滴网约车司机/时间自由有奖励,工作时间：全职工作,商务司机,10k-35k 元/月,月结,昌平南邵,,全北京急聘滴滴网约车司机/时间自由有奖励<br/>要求 驾龄要3年以上 无犯罪记录<br/>不限地点 不限,[],[],"['北京-北京-昌平-北京市昌平区回龙观(北京市昌平)                            \n                            \xa0(\n                            北京市                            昌平                            )', '北京-北京-昌平-北京市昌平区天通苑(北京市昌平)                            \n                            \xa0(\n                            北京市                            昌平                            )', '北京-北京-昌平-北京市昌平区沙河镇(北京市昌平)                            \n                            \xa0(\n                            北京市                            昌平                            )']"
叮咚保底6.2k起招分拣员打包员（有住）,工作时间：全职工作,打包分拣,6.5k-13k 元/月,月结,朝阳朝外,,"招聘声明：本公司生鲜店招：分拣员，水产，仓管，夜班接货，拉新专员；承诺面试培训不收任何费用。包吃包住。<br/>1、薪资待遇：底薪+绩效奖金+店铺业绩奖+职级奖，前三月保底6200元，综合月收入6000-9000元以上，做六休一，上长白班时长10小时左右，吃饭休息2小时<br/>有三倍薪假日：元旦、春节、清明节、劳动节、端午节、中秋节、国庆节<br/>工作内容：主要店内商品的入库、储存、分拣、打包、出货服务站卫生与安全。水果、蔬菜等生鲜百货为主<br/><br/>分拣打包员：<br/>1）负责产品的现场打包：海带、山药、冬瓜等；<br/>2）负责保持分拣区、打包区卫生的干净整洁以及整体站内卫生；<br/>3）货品的及时补充及摆放；<br/>4）分拣过程中注意事项的严格把控以及整体分拣时长的严格把控<br/>5）完成站长安排的其他相关工作；<br/><br/>水产专员；<br/>负责门店的水产海鲜的养殖、维护、宰杀.<br/><br/>夜班接货员：<br/>卸货、整理货架、点货<br/><br/>仓管员<br/>入库、出库、盘点，负责店内的生态平衡，协助站长处理店内的日常事务。<br/><br/>任职要求<br/>1）年龄18至40周岁，,身体健康，无不良嗜好，无犯罪前科。<br/>2）工作经验不限，学历不限，具有团队精神，能吃苦耐劳,赚钱欲望强.<br/>3）分配范围：朝阳区、通州区、大兴区、昌平区、海淀区、东城区等多区域均有门店，可以就近安排。晋升空间：配送员—组长—站长--区域督导--城市经理",[],[],"['朝阳区                            \n                            \xa0(\n                            北京市                            朝阳                            )', '海淀区                            \n                            \xa0(\n                            北京市                            海淀                            )', '昌平区                            \n                            \xa0(\n                            北京市                            昌平                            )']"
就近分配 月薪6000分拣打包员,工作时间：全职工作,店员,6k-6.2k 元/月,月结,朝阳北苑,,月薪6000就近分配分拣打包 店员招聘<br/>工作内容：<br/>1.将客户订单上的物品打包好等配送员来取<br/>2.负责接货，上货，盘点，<br/>3.负责接听客户打进来的咨询以及投诉电话<br/>工作时间：<br/>早班：07:00-19:00<br/>中班：09:00-21:00<br/>晚班：20:00-08:00（夜班补助30元每天）<br/>轮休：上六休一<br/>工作要求：<br/>1. 20-40岁，初高中以上学历，有仓库或零售工作经验优先<br/>2. 吃苦耐劳，能接受较强的工作压力；工作认真负责。<br/>3. 能适应轮班和夜班的工作安排及主管的其他任务安排<br/><br/>工资待遇：2600元底薪+2480元绩效+900元房/餐补<br/>工作地点 ：全北京就近分配,[],[],"['北苑                            \n                            \xa0(\n                            北京市                            朝阳                            )', '联想桥                            \n                            \xa0(\n                            北京市                            海淀                            )', '枣园站                            \n                            \xa0(\n                            北京市                            大兴                            )']"
京东仓库分拣，包吃包住！有保险,工作时间：全职工作,打包分拣,7k-9k 元/月,月结,顺义,,大型物流顺义仓 仓储中心招聘618月度临时工  负责仓库理货 上架 收货：<br/>1.身体健康，认识26个英文字母，会使用智能手机和电脑<br/>2.根据生产情况安排作息（根据产量排班最高可达15小时左右 最低12小时）能接受较长工作时间<br/>3.招聘要求：不限，年龄18-40 ！比例要求8:2,[],[],['杨镇                            \n                            \xa0(\n                            北京市                            顺义                            )']
8000以上电话销售专员,工作时间：全职工作,电话销售,4k-8k 元/月,月结,顺义后沙峪,,"1、负责公司产品的销售及推广；<br/>2、根据市场营销计划，完成部门销售指标；<br/>3、开拓新市场,发展新客户,增加产品销售范围；<br/>4、负责辖区市场信息的收集及竞争对手的分析；<br/>5、负责销售区域内销售活动的策划和执行，完成销售任务；<br/>6、管理维护客户关系以及客户间的长期战略合作计划。<br/>任职资格：<br/>1、大专及以上学历，市场营销等相关专业；<br/>2、1-2年以上销售行业工作经验，业绩突出者优先；<br/>3、反应敏捷、表达能力强，具有较强的沟通能力及交际技巧，具有亲和力；<br/>4、具备一定的市场分析及判断能力，良好的客户服务意识；<br/>5、有责任心，能承受较大的工作压力；<br/>6、有团队协作精神，善于挑战。",[],[],['后沙峪-地铁站                            \n                            \xa0(\n                            北京市                            顺义                            )']
公司急招C本司机包住,工作时间：全职工作,货运司机,8k-12k 元/月,月结,顺义光明,,工作内容：早上三点半到库房提货，按照分配好的地址进行配送，每天15-20个点，每个点不超过五公里，超出的点另外提钱，公司提供车辆，配送完成后车可免费使用。<br/>配送区域：顺义区<br/>工作时间：上午3：30—10：00（视个人工作能力决定工作时长）<br/>任职资格：1、年龄20-45岁，C1本，1年以上实际驾驶经验，驾驶技术娴熟；<br/>2、无犯罪及不良驾驶记录，无重大事故及交通违章，具有较强的安全意识；<br/>3、懂商务接待礼仪，具有一定的服务意识；<br/>4、为人踏实、老实忠厚，保密意识强、责任心强<br/>薪资待遇：底薪6000（含电费），综合薪资8000-12000，多跑多得，提供住宿<br/>消息回复较慢，有意向直接电话咨询,[],[],"['顺义                            \n                            \xa0(\n                            北京市                            顺义                            )', '昌平区                            \n                            \xa0(\n                            北京市                            昌平                            )', '临清                            \n                            \xa0(\n                            北京市                            顺义                            )']"
房产销售（接收2020届）+底薪6500,工作时间：全职工作,销售,6.5k-12k 元/月,月结,顺义光明,,【Lianjia.链家简介】<br/>链家，成立于2001年，是一家集房产交易服务、资产管理服务为一体以数据驱动的全价值链房产服务平台，业务覆盖二手房交易、新房交易、租赁、装修服务等。链家目前已覆盖北京、上海、广州、深圳、天津、成都、青岛、重庆、大连等28个地区，全国门店数量约8000家，旗下经纪人超过13万名。为不断提高购房服务体验，链家积极布局线上平台。目前线上已覆盖PC端、链家APP、链家网手机版等终端，是具备集房源信息搜索、产品研发、大数据处理、服务标准建立为一体的房产服务平台。平台为买卖双方用户提供全面真实的房产相关信息及咨询服务，并不断提高服务效率、提升服务体验，希望为用户提供更安全、更便捷、更舒心的综合房产服务。<br/>【任职要求】<br/>（1）18周岁以上，统招本科以上学历，热爱房地产经纪行业；<br/>（2）抗压能力强，能够吃苦耐劳，有强烈的上进心；<br/>（3）有毅力，具备良好的沟通能力；<br/>（4）具有高度敬业精神及优秀的服务意识，执行力强，有团队合作精神；<br/>【工作职责】<br/>1.负责线上渠道的房产信息维护，打造个人的专业品牌<br/>2.为客户提供优质的看房体验<br/>3.促成买卖双方交易达成，协助双方合同签署、办理权属转移等工作<br/><br/>【福利待遇】<br/>薪酬：实习期无责任底薪6500<br/>转正保障性底薪2500-6000，提佣40%-75%+五险+ 一金/商业保险<br/>福利：①内部员工租房、买房、租住自如房屋，服务费享受员工折扣价；<br/>②内部员工享有免费学历进修；<br/>③老员工享有周年庆定制礼物；<br/>④精英社成员享有免费出国游；<br/>⑤春节期间，可将父母接到北京过新年，自如房屋免费住；<br/>⑥公司激励活动，可与父母一起在“人民大会堂”共进晚餐，且报销往返路费；<br/>【培训体系】：<br/>从新人到精英，我们为您定制培训课程：<br/>1)入职前：新人训—入职前的4天专业知识培训，让你对房地产业务知识有一个基本的认识<br/>2)入职一个月：衔接训(签约中的法律知识、业务实战、渠道开拓)和专业知识巩固培训(一对一师徒制）<br/>3)入职三个月：专业知识提升培训(签约能力、金融知识培训)<br/>4)入职六个月：储备店经理培训/储备店经理竞聘(管理能力培训、管理技能提升、团队建设)<br/>联系人：高经理,[],[],['链家(裕龙国泰店)                            \n                            \xa0(\n                            北京市                            顺义                            )']
某生鲜平台（冷库）分拣、打包工,工作时间：全职工作,打包分拣,7k-9k 元/月,月结,顺义,,【公司直招】<br/>我公司承诺从面试到入职不收取任何费用及押金，请大家擦亮慧眼，收取任何费用的均属不正规招聘，任谨防上当受骗。如发现以我公司非法收费招聘者，请举报，我公司给予奖励。<br/>收入高的岗位紧俏，求职人多，请急于上班的求职者直接致电，优先面试。<br/>【工作内容】<br/>1.在仓内分拣、打包；<br/>2. 冷藏仓：11:00 — 23:00<br/>冷冻仓：08:00 — 18:00<br/>3、上班时间为弹性时间，未来不排除有夜班，视实际排班而定。<br/>【薪资待遇】<br/>1.计件工资：<br/>1）分拣员/打包员：保底4680+全勤100+计件（备注：保底与计件取大；综合薪资6000-8000）；<br/>2）冷库员工工资会高些，综合薪资基本能拿到9000-10000（备注：冷库低温补贴400每月）。<br/>2.非计件工资：<br/>1）分拣员/打包员：基本工资3000+补贴1200+绩效2500；综合薪资在6000-6500元/月。<br/>2）冷库工作员工，低温补贴400元/月<br/>2.公司免费提供食宿；<br/>3.无需隔离，当天入职，当天安排住宿。<br/>【岗位要求】<br/>1.18周岁-45周岁，性别不限，非京籍，无不良嗜好、品行端正、身体健康；<br/>2.有无经验均可，有人带有人培训，工作简单；<br/>3.公司不收取任何押金，不以任何形式扣员工工资等行为，家庭般的温暖。,[],[],['南彩村                            \n                            \xa0(\n                            北京市                            顺义                            )']
日结微信社群兼职客服（社群运维）,工作时间：05.13~05.26,话务客服,80 元/天,日结,密云,,一、工作内容：<br/>1.微信社群在线客服，负责本地社群运维，回答疑虑，促成客户购买以及复购！<br/>2.妥善处理回复客户咨询，增强社群黏性。<br/>3.及时反馈问题和诉求，降低客诉率。<br/>二、应聘要求：<br/>1、年龄22以上<br/>2、学历不限<br/>3、细心有责任心<br/>4、会使用微信工具,['\n日结\xa0薪资:80元/天 \xa0  薪资待遇-按劳分配                                 '],"['2020年05月13日', '']","['密云区                            \n                            \xa0(\n                            北京市                            密云                            )', '延庆区                            \n                            \xa0(\n                            北京市                            延庆                            )', '朝阳区                            \n                            \xa0(\n                            北京市                            朝阳                            )']"
招聘网约车司机,工作时间：全职工作,网约车司机,3300 元/月,月结,东城,,工作内容：<br/>1、能够根据公司需求安全快速的把客户或领导送到指定地点<br/>2、对待客户热情耐心，服务周到体贴。<br/>3、定期对车辆进行清洁保养及运维检查。<br/>4、服从所属单位的工作安排及管理。 职位要求：<br/>1、不限，年龄20-50周岁（），户口不限。<br/>2、会普通话，交流顺畅，有服务意识，有合理安排行程的能力。<br/>3、C1及以上驾照，三年以上驾龄，熟练驾驶自动挡车。<br/>4、明显部位没有疤痕和纹身，无精神病和传染病，无不良记录。<br/>5、无不良驾驶记录，和重大交通事故及违章。<br/>6、面试时请务必带好本人有效身份证和驾驶证原件。,[],[],"['北京市                            \n                            \xa0(\n                            北京市                            东城                            )', '东城区                            \n                            \xa0(\n                            北京市                            东城                            )', '西城区                            \n                            \xa0(\n                            北京市                            西城                            )']"
招聘网约车司机,工作时间：全职工作,网约车司机,3300 元/月,月结,东城,,工作内容：<br/>1、能够根据公司需求安全快速的把客户或领导送到指定地点<br/>2、对待客户热情耐心，服务周到体贴。<br/>3、定期对车辆进行清洁保养及运维检查。<br/>4、服从所属单位的工作安排及管理。 职位要求：<br/>1、不限，年龄20-50周岁（），户口不限。<br/>2、会普通话，交流顺畅，有服务意识，有合理安排行程的能力。<br/>3、C1及以上驾照，三年以上驾龄，熟练驾驶自动挡车。<br/>4、明显部位没有疤痕和纹身，无精神病和传染病，无不良记录。<br/>5、无不良驾驶记录，和重大交通事故及违章。<br/>6、面试时请务必带好本人有效身份证和驾驶证原件。,[],[],"['北京市                            \n                            \xa0(\n                            北京市                            东城                            )', '东城区                            \n                            \xa0(\n                            北京市                            东城                            )', '西城区                            \n                            \xa0(\n                            北京市                            西城                            )']"
招聘网约车司机,工作时间：全职工作,网约车司机,3300 元/月,月结,东城,,工作内容：<br/>1、能够根据公司需求安全快速的把客户或领导送到指定地点<br/>2、对待客户热情耐心，服务周到体贴。<br/>3、定期对车辆进行清洁保养及运维检查。<br/>4、服从所属单位的工作安排及管理。 职位要求：<br/>1、不限，年龄20-50周岁（），户口不限。<br/>2、会普通话，交流顺畅，有服务意识，有合理安排行程的能力。<br/>3、C1及以上驾照，三年以上驾龄，熟练驾驶自动挡车。<br/>4、明显部位没有疤痕和纹身，无精神病和传染病，无不良记录。<br/>5、无不良驾驶记录，和重大交通事故及违章。<br/>6、面试时请务必带好本人有效身份证和驾驶证原件。,[],[],"['北京市                            \n                            \xa0(\n                            北京市                            东城                            )', '东城区                            \n                            \xa0(\n                            北京市                            东城                            )', '西城区                            \n                            \xa0(\n                            北京市                            西城                            )']"
招聘网约车司机,工作时间：全职工作,网约车司机,3300 元/月,月结,东城,,工作内容：<br/>1、能够根据公司需求安全快速的把客户或领导送到指定地点<br/>2、对待客户热情耐心，服务周到体贴。<br/>3、定期对车辆进行清洁保养及运维检查。<br/>4、服从所属单位的工作安排及管理。 职位要求：<br/>1、不限，年龄20-50周岁（），户口不限。<br/>2、会普通话，交流顺畅，有服务意识，有合理安排行程的能力。<br/>3、C1及以上驾照，三年以上驾龄，熟练驾驶自动挡车。<br/>4、明显部位没有疤痕和纹身，无精神病和传染病，无不良记录。<br/>5、无不良驾驶记录，和重大交通事故及违章。<br/>6、面试时请务必带好本人有效身份证和驾驶证原件。,[],[],"['北京市                            \n                            \xa0(\n                            北京市                            东城                            )', '东城区                            \n                            \xa0(\n                            北京市                            东城                            )', '西城区                            \n                            \xa0(\n                            北京市                            西城                            )']"
比格比萨前厅服务员 144一天管两餐,工作时间：长期可做,服务员,144 元/天,月结,海淀学院路,,连锁自助餐厅比格比萨前厅服务员 144一天管两餐<br/>岗位1、小时工，18/小 时，根据店里需求安排8-10小时，法定节假日36/小时，管吃。<br/><br/>岗位2、只做周六、日长期兼职每天8小时，110元/天（周六日兼职超过8小时，工资按照1.5倍计算）<br/><br/>岗位要求：不限，18-40岁之间不显老就行，需要有良好的服务态度，需要持健康证上岗，凭条不可以<br/><br/>工作时间：9:00-15:00&17:00-22:00之间安排8-10个小时排班，上六休一<br/>工作内容：盯桌，收桌，从后厨上菜等，简单轻松，中间有休息时间<br/><br/>工资结算：每个月15号结发上个月工资<br/><br/>工作地点：北京市内就近分配,['\n月结\xa0薪资:144元/天 \xa0  薪资待遇-小时工，18/小 时，根据店里需求安排8-10小时，法定节假日36/小时，管吃。                                 '],"['2020年05月13日', '', '(每周一、二、三、四、五、六上班)', '', '', '09:00-15:00', '', '17:00-22:00', '', '2020年11月30日', '']","['比格自助比萨(花园路店)                            \n                            \xa0(\n                            北京市                            海淀                            )', '比格比萨(西单商场店)                            \n                            \xa0(\n                            北京市                            西城                            )', '比格比萨(西外店)                            \n                            \xa0(\n                            北京市                            西城                            )']"
招聘网约车司机,工作时间：全职工作,网约车司机,3300 元/月,月结,东城,,工作内容：<br/>1、能够根据公司需求安全快速的把客户或领导送到指定地点<br/>2、对待客户热情耐心，服务周到体贴。<br/>3、定期对车辆进行清洁保养及运维检查。<br/>4、服从所属单位的工作安排及管理。 职位要求：<br/>1、不限，年龄20-50周岁（），户口不限。<br/>2、会普通话，交流顺畅，有服务意识，有合理安排行程的能力。<br/>3、C1及以上驾照，三年以上驾龄，熟练驾驶自动挡车。<br/>4、明显部位没有疤痕和纹身，无精神病和传染病，无不良记录。<br/>5、无不良驾驶记录，和重大交通事故及违章。<br/>6、面试时请务必带好本人有效身份证和驾驶证原件。,[],[],"['北京市                            \n                            \xa0(\n                            北京市                            东城                            )', '东城区                            \n                            \xa0(\n                            北京市                            东城                            )', '西城区                            \n                            \xa0(\n                            北京市                            西城                            )']"
全北京急聘滴滴网约车司机/时间自由有奖励,工作时间：长期可做,司机代驾,360 元/天,日结,昌平南邵,,全北京急聘滴滴网约车司机/时间自由有奖励<br/>要求 驾龄要3年以上<br/>不限地点 不限,['\n日结\xa0薪资:360元/天 \xa0                                 '],"['2020年05月13日', '', '', '10:00-18:00', '', '2021年04月30日', '']","['北京-北京-昌平-北京市昌平区回龙观(北京市昌平)(北京市昌平)                            \n                            \xa0(\n                            北京市                            昌平                            )', '北京-北京-昌平-北京市昌平区天通苑(北京市昌平)(北京市昌平)                            \n                            \xa0(\n                            北京市                            昌平                            )', '北京-北京-昌平-北京市昌平区沙河镇(北京市昌平)(北京市昌平)                            \n                            \xa0(\n                            北京市                            昌平                            )']"
高薪招C1本+金杯+4米2箱货司机,工作时间：全职工作,货运司机,7k-10k 元/月,月结,昌平小汤山,,招聘c1驾照货车司机，长期稳定货源<br/>驾龄要求：3年以上<br/>车型需求：金杯车和4米二箱式货车.（有无车辆均可）<br/>仓库位置：五环外，北京各个区均有仓库.<br/><br/>到仓时间：早上8点左右（各区域大仓不同）<br/>配送区域：北京市五环以外划片区，可以固定区域，能就近安排。<br/><br/>价格：金杯车600-800/天.4米2，800-1500/天，月工资轻松过两万。,[],[],"['昌平顺沙路                            \n                            \xa0(\n                            北京市                            昌平                            )', '昌平葛村                            \n                            \xa0(\n                            北京市                            昌平                            )', '朝阳金盏                            \n                            \xa0(\n                            北京市                            朝阳                            )']"
知名生鲜门店急招驻店配送+提供车宿,工作时间：全职工作,快递配送,8k-12k 元/月,月结,海淀田村,,工作地址：所有岗位就近分配，单多福利好，保障全面综合工资10000---12000<br/>1.提供车（1车2电，60V电瓶 ，不抗电，免费更换）<br/>2.免费工服装备：头盔、雨衣、冲锋衣、护膝、手套等<br/>【配送范围】：3公里内配送，固定取货点，一点对一点（同方向订单），配送效率高。<br/>【配送货物】：生鲜，水果，蔬菜，牛奶，面包，饮料，零食等生活用品及食品，小件商品。<br/>【取单模式】：无需抢单， 不人为派单，系统优化派单，每趟5-8单<br/>【薪资结构】：综合每单5-7块日均60-70单，<br/>【工作要求】：24-40岁会用手机APP（不会可教），会骑电动车，有无经验均可，持有健康证<br/>【冲单奖励】：月跑800单奖励800，跑够1000单奖励1600，跑够1200单奖励1900，跑够1400单奖励2100<br/>跑够1600单奖励2500<br/>【工作时间】：8:00-20:00,[],[],"['海淀区西四环定慧北桥西1公里                            \n                            \xa0(\n                            北京市                            海淀                            )', '永定路与田村路交叉口西150米                            \n                            \xa0(\n                            北京市                            海淀                            )', '北京市海淀区田村路37号-2门-3层-231室                            \n                            \xa0(\n                            北京市                            海淀                            )']"
生鲜超市招聘配送员+收入高9K+供车,工作时间：全职工作,送餐员,8k-12k 元/月,月结,海淀田村,,【面试要求】：年龄18一45岁，无案底，身体健康，吃苦耐劳，服从管理，有团队精神，能熟练使用智能手机，有良好的交通安全意识。<br/>【工作内容及时间】：<br/>1、以超市为中心，方圆3.5公里配送，配送物品为烟酒副食、蔬果 、海鲜、日化用品等；<br/>2、上班时间：早8点至晚8点，上六休一（可调休），<br/>【福利待遇】：<br/>1：公司给员工配备电瓶车及餐箱<br/><br/>3：老骑手1对1亲自教，1天即可入门，3天即可出师<br/><br/>4：单一门店，单量多，不用乱跑，只需要负责熟悉附近3.5公里之内的区域，更容易跑出来单！<br/><br/>5:工资单量：5.5-6元每单。生鲜超市单一门店人效均在40以上！,[],[],"['海淀区西四环定慧北桥西1公里                            \n                            \xa0(\n                            北京市                            海淀                            )', '永定路与田村路交叉口西150米                            \n                            \xa0(\n                            北京市                            海淀                            )', '北京市海淀区田村路37号-2门-3层-231室                            \n                            \xa0(\n                            北京市                            海淀                            )']"
诚聘货运司机/时间自由薪资高,工作时间：全职工作,货运司机,8k-12k 元/月,月结,顺义光明,,岗位职责：<br/>1、负责公司的货物运送、数量清点；<br/>2、负责公司车辆保养、维修和清洁工作；<br/>3、协助处理公司车辆保险、索赔、年检办理；<br/>4、协助处理日常行政事务。<br/>任职资格：<br/>1、年龄25-45岁，C本，2年以上实际驾驶经验，会使用导航；<br/>2、无不良驾驶记录，无重大事故及交通违章，具有较强的安全意识；<br/>3、懂商务接待礼仪，具有一定的服务意识；<br/>4、为人踏实、老实忠厚，保密意识强、责任心强，能适应加班。<br/>有意向直接电话咨询,[],[],['顺义                            \n                            \xa0(\n                            北京市                            顺义                            )']
零基础抖音带货兼职,工作时间：05.12~06.30,促销导购,299 元/天,日结,东城,,报名加微！报名加微！报名加微！<br/>转发抖音视频就赚钱！精美视频，给你增加抖音粉丝！！！<br/>未满20岁请勿报名，请主动加微信<br/>适合对象：<br/>1.手机一键分享短视频带上各大品牌商品链接到抖音上赚取佣金<br/>2.可在公司平台接短视频制作，每个视频3-10元不等<br/>3.利用抖音每日转发一条视频，每个视频可得2元<br/>4.时间灵活、不限地区，操作简单，没有业绩要求，空闲随时做<br/>5.邀请好友一起加入，可获得更多福利。<br/>项目优势：<br/>1、有手机，会玩抖音就行。操作简单，容易上手<br/>2、有针对性的培训课程，精英导师一对一全程指导，2天学会，7天上手出货。<br/>3、发展空间大<br/>公司提供：<br/>1：包括开通抖音橱窗，抖音橱窗开通 需要1000基础粉，公司会帮你涨粉涨到1000粉开通橱窗的同时增加后期粉丝。<br/>2：我们公司这边帮你和淘宝京东对接好 公司请专业的拍摄团队拍摄好原创视频，剪辑好，你直接下载视频发布到自己的抖音就可以了。<br/>3：通过你的抖音分享出售的产品，产生的佣金，你有自己的后台可以看到的， 每个订单明细你自己可以随时查看。 收益多少都是可以提现的<br/>4：所有的原创视频我们都会请专业的拍客拍好，然后你直接下载发到自己抖音就可以了。<br/>5：产品都是优质商家，可以放心，发货退货换货售后都是商家负责。<br/>6：人流量问题公司和抖音合作的，对做带货的学员会有流量扶持，不用担心没有粉丝做不了!<br/>报名加微！报名加微！报名加微！,['\n日结\xa0薪资:299元/天 \xa0  薪资待遇-单单有提成                                 '],"['2020年05月12日', '', '', '08:00-18:00', '', '2020年06月30日', '']","['东城                            \n                            \xa0(\n                            北京市                            东城                            )', '西城                            \n                            \xa0(\n                            北京市                            西城                            )', '宣武                            \n                            \xa0(\n                            北京市                            东城                            )']"
加盟货运司机,工作时间：全职工作,货运司机,15k-30k 元/月,月结,顺义,,1.招聘货运司机，有车无车均可，开4.2箱车或者金杯车。<br/>2.司机有责任心，需要自行装车卸车活辅助装卸车。<br/>3.配送食材、简单的日常用品、服装、洗化用品等。<br/><br/>公司介绍<br/>我们是国内领先的供应链配送服务商，整合海量社会运力资源，以信息技术为支撑，实现运力与企业配送需求精确、高效匹配，为各类客户提供同城及区域配送服务。云鸟重新定义了城配服务标准体系，建立了工业级现场管理，输出良好的服务体验。我们已在北上广深等20个一线城市开展业务，覆盖华北、华东、华南、华中、西南，服务各类供应链客户近10000余,[],[],"['顺义                            \n                            \xa0(\n                            北京市                            顺义                            )', '朝阳                            \n                            \xa0(\n                            北京市                            朝阳                            )', '通州                            \n                            \xa0(\n                            北京市                            通州                            )']"
超市配送员供车住就近安排收入稳定9千,工作时间：全职工作,普工,8k-12k 元/月,月结,朝阳常营,,连锁大型超市，经营的商品品种齐全，但凡一个家庭所需要的物品在这里都能买到，吃、穿、住、用、行各方面都有。尤其像食品、快速消费品这些商品。<br/>【招聘岗位】——配送员、骑手<br/>【配送流程】对超市已完成打包装箱的产品，用电瓶车进行陆地运输，每次配送只带一个小区块单子，每次可接5单到10单，超市周围2~4公里，配送时间充足。排队领单（手机APP可排队） ，派完返回门店继续接单 （两点一线，效率高，省时省力。）<br/>上班时间：7:00-19:00 9:00-21:00排班 做六休一（调休）<br/>【薪资结构】新员工薪资平均大概8000，有经验骑手8000~10000，每单5.5元~6元，每天平均40~60单，具体单量根据个人情况，只要你有能力单量不断。综合工资9000~12000，上不封顶。<br/>【福利待遇】<br/>1.提供电动车（两组60V电瓶）， 头盔、雨衣、冲锋衣等（不收押金），住宿（2~4人间，空调、洗衣机、卫生间、无线网等），面试通过可立马上班，不收取任何费用；<br/>2.节假日发放福利，带薪培训，公司缴纳商业保险；<br/>3.不抢单、不插队、公平拿单，杜绝关系户走后；<br/>4.工资发放准时，每月25号，没有生活费可提前预支工资。<br/>【工作要求】<br/>1、1840岁，会说普通话，身体健康，可吃苦耐劳，有无经验均可。（不熟悉路线者，有老员工带，派单软件自带导航）；<br/>2、熟练驾驶电动车，有良好的交通安全意识；<br/>3、能熟练使用智能手机，会使用手机导航功能；<br/>4、没有学历要求，只要能吃苦耐劳，即可拿到较高的薪资；<br/>5、愿意挑战高薪！服从管理！<br/>【晋升渠道】<br/>只要你有能力，内部可竞聘，管理层晋升机会；<br/>配送员——配送组长——部门主管——经理——高级管理。<br/>【工作地址】各个区域就近安排,[],[],"['北京市朝阳区管庄南街1号                            \n                            \xa0(\n                            北京市                            朝阳                            )', '北京市朝阳区连心园西区                            \n                            \xa0(\n                            北京市                            朝阳                            )', '北京市朝阳区三间房东路1号                            \n                            \xa0(\n                            北京市                            房山                            )']"
超市招驻店外卖送餐员当天工作不收费管住,工作时间：全职工作,装卸工,8k-12k 元/月,月结,丰台方庄,,企业介绍：我们公司是一款自营生鲜平台及提供配送服务的生活服务类APP。主要提供的产品有蔬菜、豆制品、水果、肉禽蛋、水产海鲜、米面粮油、休闲食品等，平台不设定起送门槛，没有配送费，所以单量比较多。<br/>【岗位职责】生鲜上门配送服务；产品的宣传推广（拉新）<br/>【薪资福利待遇】配送：3000（520单）+4元/单，综合6500-12000（需一半拉新）【保底6500】<br/>配送范围：单点对多点，以站点为中心方圆1-3公里以内配送，平均需40分钟-2小时返回站点再次接单，系统派单，无需抢单；公司配备交通工具+工作服，无需押金。 配送物资：蔬菜水果，零食百货为主。<br/>仓管员 【工作时间】做6休1（轮休制），早上07:00~21:00（长白班）<br/>【岗位职责】生鲜商品的定期入库，储存，盘点；整理商品，报损等；协助处理服务站其他事务。<br/>【薪资福利待遇】仓管水产夜班：3000+2600～4500（绩效绩效）；综合薪资6000-9000【保底6200】<br/>分拣员 【工作时间】做6休1（轮休制），早上07:00~21:00（长白班）<br/>【岗位职责】根据用户订单挑选对应属性商品，整理商品，协助处理服务站其他事务。<br/>【薪资福利待遇】 分拣员：3000（保底2600单）+ 0.6-2 元/单+ 0-500【保底6200】<br/>水产专员 【工作时间】做6休1（轮休制），早上07:00~21:00（长白班） 【<br/>岗位职责】服务站水产品养护，用户订单水产品处理。<br/>【薪资福利待遇】 3000+2600～4500（绩效绩效）；综合薪资6000-9000【保底6200】<br/>北京区域站点就近安排，公司发展迅速，晋升空间大，有意向朋友请投递简历直接拨打招聘电话，当天安排面试，入职无任何费用。,[],[],"['北京市丰台区东铁匠营五间楼10号                            \n                            \xa0(\n                            北京市                            丰台                            )', '北京市朝阳区安苑北里23号                            \n                            \xa0(\n                            北京市                            朝阳                            )', '北京市朝阳区安苑路20号                            \n                            \xa0(\n                            北京市                            朝阳                            )']"
全北京急聘滴滴网约车司机/时间自由有奖励,工作时间：全职工作,网约车司机,10k-35k 元/月,月结,昌平南邵,,全北京急聘滴滴网约车司机/时间自由有奖励<br/>要求 驾龄要3年以上<br/>不限地点 不限,[],[],"['北京-北京-昌平-北京市昌平区回龙观(北京市昌平)                            \n                            \xa0(\n                            北京市                            昌平                            )', '北京-北京-昌平-北京市昌平区天通苑(北京市昌平)                            \n                            \xa0(\n                            北京市                            昌平                            )', '北京-北京-昌平-北京市昌平区沙河镇(北京市昌平)                            \n                            \xa0(\n                            北京市                            昌平                            )']"
6200块保底招超市分拣水产接货仓管员,工作时间：全职工作,打包分拣,6k-8k 元/月,月结,朝阳,,"招聘声明：本公司生鲜店招：分拣员，水产，仓管，夜班接货；承诺面试培训不收任何费用。提供住。<br/>1、薪资待遇：底薪+绩效奖金+店铺业绩奖+职级奖，前三月保底6200元，综合月收入6000-9000元以上，做六休一，上长白班时长10小时左右，吃饭休息2小时<br/>有三倍薪假日：元旦、春节、清明节、劳动节、端午节、中秋节、国庆节<br/>工作内容：主要店内商品的入库、储存、分拣、打包、出货服务站卫生与安全。水果、蔬菜等生鲜百货为主<br/><br/>分拣打包员：<br/>1）负责产品的现场打包：海带、山药、冬瓜等；<br/>2）负责保持分拣区、打包区卫生的干净整洁以及整体站内卫生；<br/>3）货品的及时补充及摆放；<br/>4）分拣过程中注意事项的严格把控以及整体分拣时长的严格把控<br/>5）完成站长安排的其他相关工作；<br/><br/>水产专员；<br/>负责门店的水产海鲜的养殖、维护、宰杀.<br/><br/>夜班接货员：<br/>卸货、整理货架、点货<br/><br/>仓管员<br/>入库、出库、盘点，负责店内的生态平衡，协助站长处理店内的日常事务。<br/><br/>任职要求<br/>1）年龄18至35周岁，,身体健康，无不良嗜好，无犯罪前科。<br/>2）工作经验不限，学历不限，具有团队精神，能吃苦耐劳,赚钱欲望强.<br/>3）分配范围：朝阳区、通州区、大兴区、昌平区、海淀区、东城区等多区域均有门店，可以就近安排。晋升空间：配送员—组长—站长--区域督导--城市经理",[],[],"['北京市朝阳区芳园南里9号西门                            \n                            \xa0(\n                            北京市                            朝阳                            )', '北京市朝阳区酒仙桥路14号                            \n                            \xa0(\n                            北京市                            朝阳                            )', '北京市朝阳区将台西路2号院1号楼                            \n                            \xa0(\n                            北京市                            朝阳                            )']"
高薪+急聘业务经理,工作时间：全职工作,销售,8k-50k 元/月,月结,房山,,岗位职责：<br/>1、为客户提供合理的保障规划方案及建议；<br/>2、提醒客户缴费，变更手续，领款，协助理赔服务，组织策划<br/>3、开发销售渠道，与销售经理沟通，选择正确的客户拓展渠道。<br/>4、完成大客户销售任务目标。<br/>5、调查分析潜在大客户，维护客户关系，定期拜访和跟进。<br/>任职资格：<br/>1、学历：大专及以上学历<br/>2、年龄：25-45周岁，有销售经验优先；<br/>3、有强烈企图心及良好的沟通能力，有目标，有热情，肯付出，团结同事；<br/>4、相貌端正、身体健康、无不良嗜好与违法犯罪记录；<br/>5、良好的职业素质和敬业精神。,[],[],"['房山区良乡                            \n                            \xa0(\n                            北京市                            房山                            )', '顺义后沙峪开发区\xa0                            \n                            \xa0(\n                            北京市                            顺义                            )', '顺义南法信开发区\xa0                            \n                            \xa0(\n                            北京市                            顺义                            )']"
站点直招送餐员爆单月过万,工作时间：全职工作,送餐员,9k-13k 元/月,月结,大兴黄村,,"直聘送餐员若干名，本公司为直招，不收取任何费用 （中介勿扰）。<br/>招聘要求：<br/>1.年龄18-50周岁，不限，学历不限，身体健康，没有不良记录。<br/>2.有无经验均可，会骑电动车，会使用智能手机，会使用手机导航。<br/>3.拥有一份有责任的心态面对笑容迎接每一份的工作。<br/>4.能吃苦耐劳、有强烈的上进心。<br/>薪资待遇：<br/>一:1，每单提成8-35元，多劳多得,一天300-400元，一天一结， 不压工资。<br/>2，有无工作经验皆可,公司统一培训，多劳多得。<br/>3，公司提供员工保险，为您的出行提供安全保障。<br/>4，骑士可享受高温补贴、高峰补贴、雨天补贴，恶劣天气补贴，每单补贴3-5元。<br/>二:1、工作时间上午10：00-14：00 下午17：00-21：00<br/>2、底薪+提成（每单提成8-15元），月综合收入根据能力8000-12000上不封顶<br/>3、公司提供住宿，公司提供电动车，不需要押金 。<br/>4.广阔的职业发展空间，优秀公司员工享受储备干部培养优先权！<br/>工作地点：北京地区可以自己选择；海淀区、朝阳区、丰台区、大兴区、通州区、昌平区、顺义区，80多家配送站",[],[],"['大兴                            \n                            \xa0(\n                            北京市                            大兴                            )', '朝阳                            \n                            \xa0(\n                            北京市                            朝阳                            )', '昌平                            \n                            \xa0(\n                            北京市                            昌平                            )']"
直招CI货运司机,工作时间：全职工作,货运司机,8k-15k 元/月,月结,顺义光明,,"直招货运司机,开4.2米厢货,金杯,冷藏,点对点配送,20-50公里范围内, 300-500一趟,多劳多得 货源充足,有保障,正规合同 欢迎司机的加入",[],[],"['顺义-地铁站                            \n                            \xa0(\n                            北京市                            顺义                            )', '朝阳大悦城                            \n                            \xa0(\n                            北京市                            朝阳                            )', '大兴                            \n                            \xa0(\n                            北京市                            大兴                            )']"
大型生鲜超市直招配送员公司配车月入10K,工作时间：全职工作,送餐员,8k-13k 元/月,月结,朝阳八里庄,,企业介绍：我们公司是一款自营生鲜平台及提供配送服务的生活服务类APP。主要提供的产品有蔬菜、豆制品、水果、肉禽蛋、水产海鲜、米面粮油、休闲食品等，平台不设定起送门槛，没有配送费，所以单量比较多。<br/>【工作时间】做6休1（轮休制），早上07:00~21:00（长白班）<br/>【岗位职责】生鲜上门配送服务；产品的宣传推广（拉新）<br/>【薪资福利待遇】配送：3000（520单）+4元/单，综合6500-12000（需一半拉新）【保底6500】<br/>配送范围：单点对多点，以站点为中心方圆1-3公里以内配送，平均需40分钟-2小时返回站点再次接单，系统派单，无需抢单；公司配备交通工具+工作服，无需押金。<br/>配送物资：蔬菜水果，零食百货为主。<br/>仓管员<br/>【工作时间】做6休1（轮休制），早上07:00~21:00（长白班）<br/>【岗位职责】生鲜商品的定期入库，储存，盘点；整理商品，报损等；协助处理服务站其他事务。<br/>【薪资福利待遇】仓管水产夜班：3000+2600～4500（绩效绩效）；综合薪资6000-9000【保底6200】<br/>分拣员<br/>【工作时间】做6休1（轮休制），早上07:00~21:00（长白班）<br/>【岗位职责】根据用户订单挑选对应属性商品，整理商品，协助处理服务站其他事务。<br/>【薪资福利待遇】 分拣员：3000（保底2600单）+ 0.6-2 元/单+ 0-500【保底6200】<br/>水产专员<br/>【工作时间】做6休1（轮休制），早上07:00~21:00（长白班）<br/>【岗位职责】服务站水产品养护，用户订单水产品处理。<br/>【薪资福利待遇】 3000+2600～4500（绩效绩效）；综合薪资6000-9000【保底6200】,[],[],"['北京市朝阳区慈云寺桥东北角                            \n                            \xa0(\n                            北京市                            朝阳                            )', '北京市朝阳区东四环中路60号                            \n                            \xa0(\n                            北京市                            朝阳                            )', '朝阳路与甘露园南里交界东南                            \n                            \xa0(\n                            北京市                            朝阳                            )']"
生鲜蔬果快递外卖配送员8000就近安排,工作时间：全职工作,快递配送,8k-10k 元/月,月结,朝阳八里庄,,企业介绍：我们公司是一款自营生鲜平台及提供配送服务的生活服务类APP。主要提供的产品有蔬菜、豆制品、水果、肉禽蛋、水产海鲜、米面粮油、休闲食品等，平台不设定起送门槛，没有配送费，所以单量比较多。<br/>【工作时间】做6休1（轮休制），早上07:00~21:00（长白班）<br/>【岗位职责】生鲜上门配送服务；产品的宣传推广（拉新）<br/>【薪资福利待遇】配送：3000（520单）+4元/单，综合6500-12000（需一半拉新）【保底6500】<br/>配送范围：单点对多点，以站点为中心方圆1-3公里以内配送，平均需40分钟-2小时返回站点再次接单，系统派单，无需抢单；公司配备交通工具+工作服，无需押金。<br/>配送物资：蔬菜水果，零食百货为主。,[],[],"['北京市朝阳区慈云寺桥东北角                            \n                            \xa0(\n                            北京市                            朝阳                            )', '北京市朝阳区东四环中路60号                            \n                            \xa0(\n                            北京市                            朝阳                            )', '朝阳路与甘露园南里交界东南                            \n                            \xa0(\n                            北京市                            朝阳                            )']"
急急生鲜超市配送员1w+,工作时间：全职工作,送餐员,8k-12k 元/月,月结,朝阳双桥,,企业介绍：我们公司是一款自营生鲜平台及提供配送服务的生活服务类APP。主要提供的产品有蔬菜、豆制品、水果、肉禽蛋、水产海鲜、米面粮油、休闲食品等，平台不设定起送门槛，没有配送费，所以单量比较多。<br/>【上班时间】<br/>、早班6.30---15.30 ；晚班12.30--22.30，旺季平均每天12个小时左右<br/>、月公休四天<br/>（各店上班时间略有不同，具体以门店安排为准）<br/>【岗位要求】<br/>、18~40岁，不限，有食品健康证。<br/>、无前科，支付宝无恶意欠款记录。<br/>、无大面积纹身。<br/>、身体健康，做事踏实，吃苦耐劳。<br/>​​*******​*******​*******​*******​*******​*******​​*<br/>【配送岗位】<br/>⒈免费配车（1车2电，60V锂电 ，不抗电免费更换），不交押金，无需分期<br/>⒉免费工服装备：头盔、雨衣、冲锋衣、护膝、手套等<br/>⒊单多福利好，稳定可发展。<br/>【配送范围】：3公里内配送，固定取货点，一点对一点（同方向订单），配送效率高。<br/>【配送货物】：生鲜，水果，蔬菜，牛奶，面包，饮料，零食等生活用品及食品，小件商品。<br/>【取单模式】：无需抢单， 不人为派单，系统智能派单，每趟3-8单。,[],[],"['北京市朝阳区双桥路2号院2                            \n                            \xa0(\n                            北京市                            朝阳                            )', '北京市朝阳区双柳巷17号                            \n                            \xa0(\n                            北京市                            朝阳                            )', '北京市朝阳区双桥路1号                            \n                            \xa0(\n                            北京市                            朝阳                            )']"
生鲜配送员单量稳定有保证+供车住1W+,工作时间：全职工作,快递配送,8k-12k 元/月,月结,朝阳八里庄,,企业介绍：我们公司是一款自营生鲜平台及提供配送服务的生活服务类APP。主要提供的产品有蔬菜、豆制品、水果、肉禽蛋、水产海鲜、米面粮油、休闲食品等，平台不设定起送门槛，没有配送费，所以单量比较多。<br/>【工作时间】做6休1（轮休制），早上07:00~21:00（长白班）<br/>【岗位职责】生鲜上门配送服务；产品的宣传推广（拉新）<br/>【薪资福利待遇】配送：3000（520单）+4元/单，综合6500-12000（需一半拉新）【保底6500】<br/>配送范围：单点对多点，以站点为中心方圆1-3公里以内配送，平均需40分钟-2小时返回站点再次接单，系统派单，无需抢单；公司配备交通工具+工作服，无需押金。<br/>配送物资：蔬菜水果，零食百货为主。,[],[],"['北京市朝阳区慈云寺桥东北角                            \n                            \xa0(\n                            北京市                            朝阳                            )', '北京市朝阳区东四环中路60号                            \n                            \xa0(\n                            北京市                            朝阳                            )', '朝阳路与甘露园南里交界东南                            \n                            \xa0(\n                            北京市                            朝阳                            )']"
就近安排打包分拣员保底6000,工作时间：全职工作,打包分拣,6k-10k 元/月,月结,朝阳八里庄,,分拣员<br/>【工作时间】做6休1（轮休制），早上07:00~21:00（长白班）<br/>【岗位职责】根据用户订单挑选对应属性商品，整理商品，协助处理服务站其他事务。<br/>【薪资福利待遇】 分拣员：3000（保底2600单）+ 0.6-2 元/单+ 0-500【保底6200】,[],[],"['北京市朝阳区慈云寺桥东北角                            \n                            \xa0(\n                            北京市                            朝阳                            )', '北京市朝阳区东四环中路60号                            \n                            \xa0(\n                            北京市                            朝阳                            )', '朝阳路与甘露园南里交界东南                            \n                            \xa0(\n                            北京市                            朝阳                            )']"
蔬果配送+系统派单+单量稳定+就近分配,工作时间：全职工作,快递配送,8k-13k 元/月,月结,朝阳八里庄,,企业介绍：我们公司是一款自营生鲜平台及提供配送服务的生活服务类APP。主要提供的产品有蔬菜、豆制品、水果、肉禽蛋、水产海鲜、米面粮油、休闲食品等，平台不设定起送门槛，没有配送费，所以单量比较多。<br/>【工作时间】做6休1（轮休制），早上07:00~21:00（长白班）<br/>【岗位职责】生鲜上门配送服务；产品的宣传推广（拉新）<br/>【薪资福利待遇】配送：3000（520单）+4元/单，综合6500-12000（需一半拉新）【保底6500】<br/>配送范围：单点对多点，以站点为中心方圆1-3公里以内配送，平均需40分钟-2小时返回站点再次接单，系统派单，无需抢单；公司配备交通工具+工作服，无需押金。<br/>配送物资：蔬菜水果，零食百货为主。<br/>仓管员<br/>【工作时间】做6休1（轮休制），早上07:00~21:00（长白班）<br/>【岗位职责】生鲜商品的定期入库，储存，盘点；整理商品，报损等；协助处理服务站其他事务。<br/>【薪资福利待遇】仓管水产夜班：3000+2600～4500（绩效绩效）；综合薪资6000-9000【保底6200】<br/>分拣员<br/>【工作时间】做6休1（轮休制），早上07:00~21:00（长白班）<br/>【岗位职责】根据用户订单挑选对应属性商品，整理商品，协助处理服务站其他事务。<br/>【薪资福利待遇】 分拣员：3000（保底2600单）+ 0.6-2 元/单+ 0-500【保底6200】<br/>水产专员<br/>【工作时间】做6休1（轮休制），早上07:00~21:00（长白班）<br/>【岗位职责】服务站水产品养护，用户订单水产品处理。<br/>【薪资福利待遇】 3000+2600～4500（绩效绩效）；综合薪资6000-9000【保底6200】,[],[],"['北京市朝阳区慈云寺桥东北角                            \n                            \xa0(\n                            北京市                            朝阳                            )', '北京市朝阳区东四环中路60号                            \n                            \xa0(\n                            北京市                            朝阳                            )', '朝阳路与甘露园南里交界东南                            \n                            \xa0(\n                            北京市                            朝阳                            )']"
天猫长期分拣员管吃住,工作时间：全职工作,打包分拣,5k-6k 元/月,月结,顺义,,招聘职位 : 分拣员，包装员<br/>工作要求 : 18-42周岁 不限 在京14天<br/>工作时间 : 早八晚八 管吃住<br/>薪资待遇 : 月结 每周单休  综合薪资4500-6000<br/>面试时间 : 12:00-13:00,[],[],['安博北京首都机场第二物流中心                            \n                            \xa0(\n                            北京市                            顺义                            )']
兼职送餐员时间自由配车就近安排,工作时间：05.12~05.18,送餐员,280 元/天,日结,昌平,,"1、送餐员负责接网站下派的订单，接单后按照订单信息上门取餐送餐；<br/>2、配送的物品：外卖食品；<br/>3、及时、准确将餐品送到客户手中；<br/>【任职要求】：<br/>1、18-50岁左右,学历不限，性别不限，熟练驾驶电动车，从事过快递工作的优先考虑；<br/>2、对配送外卖食品行业感兴趣,向往配送工作者的可放宽条件;<br/>3、有较强的沟通能力，踏实肯干，吃苦耐劳，有责任心，多劳多得；<br/>4、保持与客户和餐厅商家沟通联系,为客户提供更好的优质配送服务。<br/>【薪资待遇】：<br/>1，每单提成8-35元，多劳多得<br/>2，有无工作经验皆可。<br/>3，公司提供员工保险，为您的出行提供安全保障。<br/>4，骑士可享受高温补贴、高峰补贴、雨天补贴，恶劣天气补贴，每单补贴3-5元。<br/>【工作地点】<br/>全北京城就近分配或者自己选择区域。",['\n日结\xa0薪资:280元/天 \xa0  薪资待遇-单多提成高，每天平均工资两三百                                 '],"['2020年05月12日', '', '', '08:00-23:00', '', '2020年05月18日', '']","['昌平区                            \n                            \xa0(\n                            北京市                            昌平                            )', '昌平区：回龙观天通苑南口沙河小汤山北北七家立水桥南邵镇阳坊霍营城北                            \n                            \xa0(\n                            北京市                            昌平                            )', '房山区：周口店长阳迎风阎村燕山琉璃河良乡房山城关窦店                            \n                            \xa0(\n                            北京市                            房山                            )']"
